Name,x_steps,dataset,forward_correction,y_eps,model,mechanism,x_eps,y_steps,feature,test/acc_mean,test/acc_ci
a0a46698-4df3-11ec-9b26-7079909da22a,0,cora,False,3.0,sage,mbm,inf,0,raw,84.31314623338257,0.8050221565731164
df82e0ca-4df7-11ec-88f8-7079909da22a,0,cora,False,1.0,sage,mbm,inf,0,raw,50.97488921713442,2.437407680945345
fb82497c-4df8-11ec-b674-7079909da22a,0,cora,False,2.0,sage,mbm,inf,0,raw,78.71491875923189,0.9012186115214149
01be44ac-4da5-11ec-83d9-7079909da22a,0,cora,True,inf,sage,mbm,0.1,8,raw,62.98375184638108,1.7355982274741493
02344002-4da6-11ec-a3fe-7079909da22a,0,cora,True,2.0,sage,mbm,0.01,8,raw,48.847858197932055,2.282496307237814
02fa2a78-4dbb-11ec-8b17-7079909da22a,0,cora,True,1.0,sage,mbm,3.0,4,raw,57.902511078286565,1.0638847858197984
02fb2a86-4db6-11ec-9af3-7079909da22a,0,cora,True,3.0,sage,mbm,1.0,2,raw,79.5125553914328,0.635339734121132
07b506ce-4df6-11ec-b084-7079909da22a,0,cora,True,3.0,gat,mbm,inf,2,raw,84.65288035450517,0.6720827178729678
0800dcac-4ddd-11ec-955e-7079909da22a,0,cora,True,inf,sage,mbm,0.1,0,raw,71.9645494830133,2.370753323485964
084c152e-4df5-11ec-9b9e-7079909da22a,0,cora,True,inf,gat,mbm,inf,0,raw,87.48892171344166,0.24372230428360808
08eb5c06-4dc3-11ec-b69e-7079909da22a,0,cora,True,inf,sage,mbm,0.01,0,raw,54.26883308714919,2.0391432791728157
0bb2f6da-4db2-11ec-bb8a-7079909da22a,0,cora,True,inf,sage,mbm,0.1,2,raw,65.19940915805022,1.4846750369276194
0c04a69c-4da8-11ec-9be3-7079909da22a,0,cora,True,inf,sage,mbm,1.0,2,raw,79.58641063515509,0.47267355982273784
0d2190b8-4da7-11ec-8b25-7079909da22a,0,cora,True,inf,sage,mbm,inf,8,raw,75.08124076809453,1.152326440177248
0dc7df42-4dc3-11ec-a6cd-7079909da22a,0,cora,True,3.0,sage,mbm,1.0,16,raw,72.90989660265879,1.6617429837518358
124fea04-4de2-11ec-af00-7079909da22a,0,cora,True,0.5,sage,mbm,3.0,0,raw,17.695716395864107,1.5068316100443155
1470d196-4dcd-11ec-8464-7079909da22a,0,cora,True,2.0,sage,mbm,2.0,4,raw,77.82865583456424,0.7682791728212734
1663d0a0-4da2-11ec-9aaa-7079909da22a,0,cora,True,inf,sage,mbm,3.0,0,raw,76.08567208271788,1.3000369276218677
16660a82-4da2-11ec-af0e-7079909da22a,0,cora,True,inf,sage,mbm,0.01,16,raw,44.96307237813885,1.2038404726735585
178b4b88-4dd0-11ec-ad56-7079909da22a,0,cora,True,0.5,sage,mbm,2.0,16,raw,42.68833087149188,5.665989660265879
184300cc-4dc4-11ec-977e-7079909da22a,0,cora,True,1.0,sage,mbm,0.01,4,raw,41.87592319054653,3.0284342688330845
18a714d8-4dcc-11ec-befe-7079909da22a,0,cora,True,inf,sage,mbm,inf,16,raw,64.18020679468242,1.8469350073855288
1952694c-4db2-11ec-bf6b-7079909da22a,0,cora,True,2.0,sage,mbm,0.1,2,raw,64.66765140324962,2.2605243722304316
1ad70a44-4de3-11ec-8c27-7079909da22a,0,cora,True,2.0,sage,mbm,0.1,4,raw,68.55243722304284,1.6030280649926212
1e0443ea-4de2-11ec-9991-7079909da22a,0,cora,True,2.0,sage,mbm,1.0,16,raw,70.64992614475628,1.6844534711964627
1f2bc586-4df6-11ec-b3a8-7079909da22a,0,cora,True,1.0,gcn,mbm,inf,4,raw,75.14032496307237,1.639771048744457
20d44e32-4de0-11ec-ad35-7079909da22a,0,cora,True,1.0,sage,mbm,1.0,4,raw,58.78877400295421,1.1451255539143297
23fc6d3c-4dd7-11ec-add4-7079909da22a,0,cora,True,3.0,sage,mbm,0.1,0,raw,57.69571639586411,2.5114475627769544
25bde78a-4dc4-11ec-8bb1-7079909da22a,0,cora,True,3.0,sage,mbm,0.01,4,raw,51.09305760709012,1.8389955686853767
26ad43c8-4de4-11ec-bb27-7079909da22a,0,cora,True,2.0,sage,mbm,0.01,16,raw,43.382570162481535,2.290066469719349
280d6d06-4de4-11ec-a19f-7079909da22a,0,cora,True,2.0,sage,mbm,3.0,16,raw,72.39290989660265,0.9534711964549487
28d5c39c-4df2-11ec-9aa0-7079909da22a,0,cora,True,2.0,gcn,mbm,inf,4,raw,83.64844903988183,0.502215657311659
29786502-4dac-11ec-8770-7079909da22a,0,cora,True,0.5,sage,mbm,2.0,8,raw,36.646971935007386,4.055391432791726
2c4a6c8e-4dda-11ec-860f-7079909da22a,0,cora,True,1.0,sage,mbm,inf,16,raw,67.45937961595274,2.415989660265872
2f86bc38-4dce-11ec-927e-7079909da22a,0,cora,True,2.0,sage,mbm,3.0,4,raw,77.93205317577547,1.1299852289512557
2f87eecc-4dd4-11ec-a80c-7079909da22a,0,cora,True,2.0,sage,mbm,3.0,0,raw,45.12555391432791,2.0982274741506615
313f5cf6-4df1-11ec-85b6-7079909da22a,0,cora,True,inf,gcn,mbm,inf,0,raw,87.35598227474152,0.3175775480059073
315c22d6-4dd9-11ec-b034-7079909da22a,0,cora,True,0.5,sage,mbm,0.01,4,raw,31.166912850812405,4.003508124076809
31befdbe-4dc7-11ec-979f-7079909da22a,0,cora,True,0.5,sage,mbm,2.0,4,raw,28.12407680945347,3.4122968980797648
32914f42-4dd8-11ec-a1e2-7079909da22a,0,cora,True,1.0,sage,mbm,2.0,4,raw,57.56277695716396,1.5289881831609975
3421e4ba-4dbb-11ec-a148-7079909da22a,0,cora,True,1.0,sage,mbm,0.1,8,raw,58.685376661742986,2.3271787296898054
34c78b26-4dd5-11ec-bffd-7079909da22a,0,cora,True,1.0,sage,mbm,2.0,8,raw,68.33087149187593,1.2189807976366325
35d37d5c-4de1-11ec-b10f-7079909da22a,0,cora,True,0.5,sage,mbm,inf,0,raw,23.190546528803544,4.424483013293941
3769366a-4db5-11ec-92e3-7079909da22a,0,cora,True,inf,sage,mbm,3.0,2,raw,80.78286558345643,0.6648818316100389
3a348748-4dd1-11ec-b416-7079909da22a,0,cora,True,1.0,sage,mbm,0.01,16,raw,41.10782865583456,2.747968980797637
3c04f712-4dcf-11ec-a400-7079909da22a,0,cora,True,0.5,sage,mbm,1.0,8,raw,35.11078286558346,4.65343426883309
3c74a774-4dac-11ec-8159-7079909da22a,0,cora,True,2.0,sage,mbm,1.0,4,raw,77.6218611521418,0.9383308714918712
3dde453e-4dc5-11ec-a1b1-7079909da22a,0,cora,True,1.0,sage,mbm,1.0,2,raw,43.84047267355982,1.757939438700145
4194c2e2-4dcb-11ec-a53e-7079909da22a,0,cora,True,1.0,sage,mbm,0.01,8,raw,44.771048744460856,3.154726735598228
419bec1e-4dc8-11ec-9d4d-7079909da22a,0,cora,True,3.0,sage,mbm,2.0,2,raw,79.73412112259972,0.7461225997045915
42728924-4da8-11ec-99c1-7079909da22a,0,cora,True,1.0,sage,mbm,0.01,2,raw,35.31757754800591,2.3781388478581995
44490794-4dfa-11ec-8e5d-7079909da22a,0,cora,True,0.5,gcn,mbm,0.1,8,raw,36.98670605612999,4.180206794682416
448f2dae-4de7-11ec-b631-7079909da22a,0,cora,True,3.0,sage,mbm,3.0,16,raw,75.58345642540621,1.1975627769571702
44a96e44-4de2-11ec-a256-7079909da22a,0,cora,True,0.5,sage,mbm,0.1,8,raw,37.14918759231906,6.294128508124071
4787fbc6-4dfb-11ec-be81-7079909da22a,0,cora,True,0.5,gat,mbm,0.1,8,raw,28.168389955686855,4.3066838995568695
4894c586-4dcd-11ec-98e3-7079909da22a,0,cora,True,inf,sage,mbm,1.0,8,raw,76.410635155096,1.647156573116689
496fa28c-4dd2-11ec-9081-7079909da22a,0,cora,True,inf,sage,mbm,2.0,8,raw,79.42392909896603,0.4135893648448956
4b0bd8d0-4dc4-11ec-9713-7079909da22a,0,cora,True,inf,sage,mbm,inf,2,raw,86.61742983751846,0.1772525849335409
50cfa59e-4dab-11ec-bb2a-7079909da22a,0,cora,True,3.0,sage,mbm,3.0,0,raw,64.28360413589364,1.2117799113737107
51b720b2-4db1-11ec-a7d7-7079909da22a,0,cora,True,0.5,sage,mbm,0.1,0,raw,16.838995568685373,2.614660265878876
53704cc0-4da3-11ec-9855-7079909da22a,0,cora,True,0.5,sage,mbm,1.0,2,raw,22.644017725258493,1.9128508124076777
541a31c2-4da3-11ec-8ad3-7079909da22a,0,cora,True,1.0,sage,mbm,2.0,0,raw,22.3781388478582,2.120384047267356
55765c2e-4dd7-11ec-bbac-7079909da22a,0,cora,True,0.5,sage,mbm,3.0,4,raw,28.685376661742982,2.7256277695716413
5663e002-4dd7-11ec-8600-7079909da22a,0,cora,True,3.0,sage,mbm,inf,8,raw,84.6085672082718,0.43611521418021937
56e353aa-4da5-11ec-afa9-7079909da22a,0,cora,True,0.5,sage,mbm,2.0,0,raw,18.153618906942395,1.8908788774002971
57512df0-4dc6-11ec-9fd6-7079909da22a,0,cora,True,3.0,sage,mbm,0.1,8,raw,69.77843426883308,1.646971935007393
576bc394-4db8-11ec-b6a7-7079909da22a,0,cora,True,1.0,sage,mbm,1.0,0,raw,22.42245199409158,2.5186484490398815
58fb1f0e-4de3-11ec-9bf0-7079909da22a,0,cora,True,3.0,sage,mbm,3.0,8,raw,81.27031019202363,0.5024002954209834
5a88c1a0-4da2-11ec-9a11-7079909da22a,0,cora,True,3.0,sage,mbm,0.01,8,raw,49.734121122599696,1.83936484490399
5d725012-4db5-11ec-9c45-7079909da22a,0,cora,True,0.5,sage,mbm,3.0,16,raw,40.81240768094535,5.960302806499261
5ea16256-4dcf-11ec-bc2c-7079909da22a,0,cora,True,inf,sage,mbm,inf,0,raw,87.75480059084194,0.22932053175775025
5fec2932-4da4-11ec-ad9d-7079909da22a,0,cora,True,2.0,sage,mbm,3.0,8,raw,79.06942392909897,0.9305760709010471
602167a0-4da4-11ec-b27a-7079909da22a,0,cora,True,0.5,sage,mbm,inf,16,raw,48.40472673559823,4.780280649926148
6064cc4a-4db1-11ec-bc72-7079909da22a,0,cora,True,2.0,sage,mbm,1.0,0,raw,47.76957163958642,1.7655096011816838
61dc3826-4db4-11ec-920d-7079909da22a,0,cora,True,2.0,sage,mbm,0.1,0,raw,44.46085672082718,3.450147710487446
63a1669a-4db9-11ec-b810-7079909da22a,0,cora,True,1.0,sage,mbm,0.1,2,raw,46.646971935007386,1.573116691285076
65ed4722-4dc1-11ec-b719-7079909da22a,0,cora,True,3.0,sage,mbm,2.0,0,raw,65.0516986706056,1.0195716395864096
6614e920-4df4-11ec-b119-7079909da22a,0,cora,True,3.0,gcn,mbm,inf,2,raw,85.89364844903989,0.3622599704579059
6740bb26-4de0-11ec-a052-7079909da22a,0,cora,True,2.0,sage,mbm,0.1,8,raw,68.89217134416545,2.4381462333825823
67de5aa6-4daf-11ec-98fc-7079909da22a,0,cora,True,2.0,sage,mbm,2.0,2,raw,72.54062038404727,0.9305760709010329
682f3ba6-4daa-11ec-84e0-7079909da22a,0,cora,True,1.0,sage,mbm,0.1,4,raw,55.997045790251114,1.71381093057607
685bb9d2-4dba-11ec-a171-7079909da22a,0,cora,True,0.5,sage,mbm,0.1,2,raw,25.701624815361885,2.8231166912850814
6b284bc0-4dd9-11ec-8c7f-7079909da22a,0,cora,True,inf,sage,mbm,0.1,4,raw,65.95273264401771,1.551329394387004
702fbba8-4db6-11ec-87a1-7079909da22a,0,cora,True,3.0,sage,mbm,0.1,16,raw,62.895125553914326,1.5288035450516944
714c8d6e-4de7-11ec-afbe-7079909da22a,0,cora,True,inf,sage,mbm,3.0,16,raw,71.00443131462332,1.566100443131461
72067eca-4db2-11ec-8535-7079909da22a,0,cora,True,inf,sage,mbm,inf,4,raw,82.77695716395866,1.7800960118168305
73ba2472-4da5-11ec-907d-7079909da22a,0,cora,True,0.5,sage,mbm,1.0,4,raw,28.818316100443134,3.6724519940915865
75fdf1e6-4de6-11ec-a2d0-7079909da22a,0,cora,True,0.5,sage,mbm,0.01,2,raw,24.54948301329394,1.0489290989660294
7613ebb6-4da7-11ec-93e3-7079909da22a,0,cora,True,2.0,sage,mbm,3.0,2,raw,72.33382570162482,1.3293943870014786
7650edcc-4dca-11ec-96a0-7079909da22a,0,cora,True,0.5,sage,mbm,2.0,2,raw,22.392909896602657,2.48892171344165
7807730e-4de1-11ec-8ae5-7079909da22a,0,cora,True,0.5,sage,mbm,inf,2,raw,32.7178729689808,3.737629246676514
7c862c0a-4dc2-11ec-ba10-7079909da22a,0,cora,True,2.0,sage,mbm,0.1,16,raw,60.369276218611525,0.8199778434268872
7ca962f6-4dd1-11ec-a8a8-7079909da22a,0,cora,True,inf,sage,mbm,3.0,4,raw,81.4771048744461,0.494830132939434
7ff47b28-4dde-11ec-821c-7079909da22a,0,cora,True,3.0,sage,mbm,inf,0,raw,84.66765140324962,1.0193870014770923
87101b88-4da2-11ec-a91f-7079909da22a,0,cora,True,0.5,sage,mbm,0.1,4,raw,29.74889217134416,3.7673559822747436
87619daa-4dd4-11ec-8741-7079909da22a,0,cora,True,inf,sage,mbm,1.0,0,raw,77.09010339734121,1.3740768094534772
880ab732-4dca-11ec-b397-7079909da22a,0,cora,True,2.0,sage,mbm,inf,2,raw,83.6632200886263,0.7756646971934984
8828e06c-4da8-11ec-9626-7079909da22a,0,cora,True,0.5,sage,mbm,0.1,16,raw,37.533234859675034,7.599889217134413
8903f8ae-4dc2-11ec-9d17-7079909da22a,0,cora,True,0.5,sage,mbm,1.0,0,raw,16.88330871491876,1.773079763663219
8a4fadb4-4dd8-11ec-8e32-7079909da22a,0,cora,True,2.0,sage,mbm,1.0,2,raw,72.2156573116691,0.8642909896602688
8bdbefec-4dc6-11ec-bee4-7079909da22a,0,cora,True,3.0,sage,mbm,3.0,4,raw,81.46233382570162,0.6501107828655819
8cf86be2-4dcd-11ec-bc17-7079909da22a,0,cora,True,2.0,sage,mbm,0.01,2,raw,44.8301329394387,1.9207902511078245
8d093110-4de7-11ec-832c-7079909da22a,0,cora,True,3.0,sage,mbm,3.0,2,raw,80.04431314623338,0.7091949778434312
927fd8e0-4dad-11ec-b34e-7079909da22a,0,cora,True,inf,sage,mbm,3.0,8,raw,79.86706056129985,0.3175775480059073
9298b902-4dab-11ec-92da-7079909da22a,0,cora,True,inf,sage,mbm,1.0,16,raw,68.34564254062039,1.0193870014771065
92d7758c-4de4-11ec-afd9-7079909da22a,0,cora,True,3.0,sage,mbm,2.0,4,raw,81.46233382570162,0.5686853766617403
93e126c2-4dc0-11ec-96ef-7079909da22a,0,cora,True,1.0,sage,mbm,inf,2,raw,70.47267355982277,2.45254800590844
951f3724-4da5-11ec-836e-7079909da22a,0,cora,True,inf,sage,mbm,0.01,2,raw,47.134416543574595,2.3048375184638132
95fc3130-4dcb-11ec-a777-7079909da22a,0,cora,True,2.0,sage,mbm,2.0,16,raw,71.47710487444608,1.9353766617429784
967ea406-4dd7-11ec-bbea-7079909da22a,0,cora,True,0.5,sage,mbm,inf,4,raw,43.870014771048744,3.833087149187591
97630226-4dce-11ec-9dff-7079909da22a,0,cora,True,1.0,sage,mbm,0.1,0,raw,26.691285081240768,2.7333825701624797
9f546eb2-4db9-11ec-9c68-7079909da22a,0,cora,True,0.5,sage,mbm,3.0,8,raw,35.30280649926144,4.387370753323484
a3fece7c-4dc7-11ec-a1ed-7079909da22a,0,cora,True,1.0,sage,mbm,inf,8,raw,73.41211225997046,1.669128508124075
a525533a-4dc1-11ec-ade6-7079909da22a,0,cora,True,1.0,sage,mbm,1.0,8,raw,68.34564254062039,1.6990398818316024
a66aabaa-4dbc-11ec-b656-7079909da22a,0,cora,True,0.5,sage,mbm,0.01,0,raw,19.881831610044312,2.4963072378138875
a7d8764a-4da6-11ec-adcd-7079909da22a,0,cora,True,3.0,sage,mbm,0.1,2,raw,70.56129985228952,2.0760709010339724
a98c1610-4dcc-11ec-912a-7079909da22a,0,cora,True,0.5,sage,mbm,0.01,16,raw,31.181683899556866,6.0341580502215635
abe9b408-4de0-11ec-9fe0-7079909da22a,0,cora,True,1.0,sage,mbm,0.01,0,raw,23.26440177252585,2.858567208271788
ac0fd15c-4dd5-11ec-8009-7079909da22a,0,cora,True,1.0,sage,mbm,inf,4,raw,74.85967503692763,1.5145864106351539
af2798be-4dc3-11ec-a221-7079909da22a,0,cora,True,1.0,sage,mbm,inf,0,raw,49.49778434268834,3.420605612998518
b0e59a5a-4db6-11ec-a732-7079909da22a,0,cora,True,1.0,sage,mbm,3.0,8,raw,67.75480059084194,1.3738921713441599
b49acf0e-4dbf-11ec-920a-7079909da22a,0,cora,True,3.0,sage,mbm,2.0,16,raw,73.30871491875924,1.4329763663220092
b51ecd42-4db8-11ec-b9b6-7079909da22a,0,cora,True,3.0,sage,mbm,inf,4,raw,85.14032496307239,0.40620384047267066
b5fb83ae-4dbd-11ec-9d19-7079909da22a,0,cora,True,1.0,sage,mbm,2.0,16,raw,65.15509601181682,2.2898818316100424
b69cdb6c-4de2-11ec-b00b-7079909da22a,0,cora,True,2.0,sage,mbm,0.01,0,raw,34.032496307237814,1.9719350073855217
b9f3c410-4dc9-11ec-82be-7079909da22a,0,cora,True,0.5,sage,mbm,0.01,8,raw,30.82717872968981,5.2679098966026565
bce5399e-4dae-11ec-9e41-7079909da22a,0,cora,True,3.0,sage,mbm,1.0,0,raw,66.60265878877401,1.4850443131462256
c302b3e2-4da4-11ec-94c7-7079909da22a,0,cora,True,2.0,sage,mbm,2.0,0,raw,45.19940915805023,1.9726735598227414
c60450d2-4da9-11ec-b718-7079909da22a,0,cora,True,2.0,sage,mbm,inf,0,raw,80.2658788774003,1.2411373707533286
c60e6d70-4df3-11ec-911e-7079909da22a,0,cora,True,1.0,gat,mbm,inf,4,raw,73.14623338257016,1.7727104874446056
c619ab10-4dd3-11ec-9d7e-7079909da22a,0,cora,True,1.0,sage,mbm,3.0,0,raw,23.116691285081238,1.248338257016247
c6e40c74-4dc0-11ec-8a4e-7079909da22a,0,cora,True,1.0,sage,mbm,1.0,16,raw,64.54948301329394,2.2826809453471135
c6efa80e-4dca-11ec-8202-7079909da22a,0,cora,True,inf,sage,mbm,0.01,8,raw,45.87887740029542,2.696454948301337
c7edb776-4dc2-11ec-a9ad-7079909da22a,0,cora,True,3.0,sage,mbm,2.0,8,raw,80.90103397341211,0.31019202363367526
ca5ddaee-4dd7-11ec-bf64-7079909da22a,0,cora,True,1.0,sage,mbm,0.1,16,raw,54.62333825701626,4.417097488921712
d442465c-4dc4-11ec-914e-7079909da22a,0,cora,True,2.0,sage,mbm,inf,4,raw,83.36779911373706,0.9161742983751822
d6988146-4dce-11ec-ab2b-7079909da22a,0,cora,True,3.0,sage,mbm,inf,2,raw,85.84933530280651,0.48024372230429435
da5a4000-4de5-11ec-93e7-7079909da22a,0,cora,True,3.0,sage,mbm,0.01,0,raw,38.847858197932055,2.0757016248153626
db6f1294-4de6-11ec-bd38-7079909da22a,0,cora,True,inf,sage,mbm,0.1,16,raw,59.35007385524373,1.5880723781388433
dc9673b8-4dca-11ec-81b5-7079909da22a,0,cora,True,inf,sage,mbm,2.0,4,raw,81.37370753323486,0.31019202363366816
de9c0ff6-4dcf-11ec-82cd-7079909da22a,0,cora,True,2.0,sage,mbm,0.01,4,raw,51.65435745937962,2.0904726735598196
e03434a6-4dd4-11ec-afa6-7079909da22a,0,cora,True,1.0,sage,mbm,3.0,16,raw,65.64254062038404,2.2453840472673683
e05b5c30-4dab-11ec-b830-7079909da22a,0,cora,True,3.0,sage,mbm,1.0,4,raw,80.63515509601183,1.218611521418019
e20fa2c6-4dc3-11ec-919a-7079909da22a,0,cora,True,1.0,sage,mbm,2.0,2,raw,42.52584933530281,1.603028064992614
e3f6ed4c-4dcd-11ec-b690-7079909da22a,0,cora,True,1.0,sage,mbm,3.0,2,raw,41.68389955686854,1.5068316100443155
e52a6a30-4ddd-11ec-a561-7079909da22a,0,cora,True,3.0,sage,mbm,0.01,16,raw,44.87444608567208,2.393094534711963
e8294186-4dbd-11ec-ac4c-7079909da22a,0,cora,True,2.0,sage,mbm,1.0,8,raw,78.30132939438701,0.7756646971935055
e892f166-4de6-11ec-9eba-7079909da22a,0,cora,True,0.5,sage,mbm,1.0,16,raw,40.64992614475627,6.1748522895125575
eab8d1b0-4db7-11ec-ae67-7079909da22a,0,cora,True,0.5,sage,mbm,3.0,2,raw,22.5258493353028,1.6846381093057605
eb0cfeae-4dc4-11ec-b149-7079909da22a,0,cora,True,3.0,sage,mbm,inf,16,raw,75.36189069423929,1.8986336779911355
eba19aec-4dfa-11ec-8739-7079909da22a,0,cora,True,2.0,gat,mbm,inf,4,raw,82.15657311669129,0.5614844903988185
ecd19ecc-4da4-11ec-a9a2-7079909da22a,0,cora,True,2.0,sage,mbm,2.0,8,raw,78.493353028065,0.7535081240768164
eefe04bc-4da2-11ec-8928-7079909da22a,0,cora,True,3.0,sage,mbm,0.1,4,raw,71.34416543574594,1.2632939438700248
f0fff0fa-4dba-11ec-a875-7079909da22a,0,cora,True,inf,sage,mbm,2.0,2,raw,81.24076809453472,0.6283234859675062
f1fe940c-4dd8-11ec-bac8-7079909da22a,0,cora,True,inf,sage,mbm,2.0,16,raw,70.19202363367799,1.5806868537666219
f5024df8-4dd1-11ec-8e6e-7079909da22a,0,cora,True,3.0,sage,mbm,1.0,8,raw,80.1033973412112,1.2555391432791652
f55a215c-4de7-11ec-8688-7079909da22a,0,cora,True,2.0,sage,mbm,inf,8,raw,81.93500738552439,0.4804283604136046
f85bc6f2-4dc0-11ec-a958-7079909da22a,0,cora,True,inf,sage,mbm,0.01,4,raw,46.203840472673555,1.3221935007385497
f97b98c8-4dc5-11ec-8f50-7079909da22a,0,cora,True,2.0,sage,mbm,inf,16,raw,75.52437223042834,1.3962333825701663
fa52f100-4dbc-11ec-ae8f-7079909da22a,0,cora,True,0.5,sage,mbm,inf,8,raw,47.94682422451994,3.0136632200886346
fac9e930-4db3-11ec-ba90-7079909da22a,0,cora,True,3.0,sage,mbm,0.01,2,raw,51.40324963072377,2.371491875923194
fcb1fc02-4de4-11ec-aac1-7079909da22a,0,cora,True,inf,sage,mbm,2.0,0,raw,74.57902511078287,1.189069423929098
fd61aad4-4db8-11ec-a760-7079909da22a,0,cora,True,inf,sage,mbm,1.0,4,raw,79.08419497784342,0.8862629246676477
13dd09f4-4df8-11ec-a478-7079909da22a,2,cora,False,0.5,sage,mbm,1.0,0,raw,18.13884785819793,1.8617060561299823
ccbb3ca6-4df4-11ec-9833-7079909da22a,2,cora,False,1.0,sage,mbm,1.0,0,raw,25.642540620384047,3.2287666174298373
0150c5f8-4daa-11ec-8dd9-7079909da22a,2,cora,True,inf,sage,mbm,0.01,2,raw,61.388478581979314,1.9577178729689777
0562bc50-4daa-11ec-b349-7079909da22a,2,cora,True,2.0,sage,mbm,inf,0,raw,82.76218611521418,0.8050221565731164
060c2c74-4dbc-11ec-bad1-7079909da22a,2,cora,True,0.5,sage,mbm,0.1,2,raw,32.09748892171344,3.7817577548005925
06cf5778-4df6-11ec-a7e3-7079909da22a,2,cora,True,0.5,gat,mbm,1.0,8,raw,37.0162481536189,5.157680945347121
0bdcb51a-4dc6-11ec-a622-7079909da22a,2,cora,True,1.0,sage,mbm,1.0,0,raw,38.47858197932054,3.7079025110782844
0d3e9bca-4dd6-11ec-b067-7079909da22a,2,cora,True,3.0,sage,mbm,1.0,8,raw,81.52141802067946,0.24372230428360808
0d4b7674-4db3-11ec-b7c9-7079909da22a,2,cora,True,0.5,sage,mbm,2.0,8,raw,42.15657311669129,6.272895125553919
0e94c826-4db0-11ec-a9ff-7079909da22a,2,cora,True,3.0,sage,mbm,2.0,8,raw,81.47710487444608,0.3988183161004457
10070504-4dd6-11ec-a19b-7079909da22a,2,cora,True,1.0,sage,mbm,2.0,8,raw,69.09896602658789,1.4329763663220163
10efbc04-4dc2-11ec-b445-7079909da22a,2,cora,True,1.0,sage,mbm,2.0,16,raw,66.26292466765139,2.4004800590841953
1663db54-4da2-11ec-9efa-7079909da22a,2,cora,True,0.5,sage,mbm,0.1,16,raw,43.69276218611521,6.795605612998525
16d911e6-4daa-11ec-98cb-7079909da22a,2,cora,True,1.0,sage,mbm,0.01,4,raw,53.98818316100444,3.442023633677991
197b67a8-4dd4-11ec-a19a-7079909da22a,2,cora,True,1.0,sage,mbm,0.1,16,raw,61.72821270310192,2.024187592319059
1b700d22-4db9-11ec-8340-7079909da22a,2,cora,True,1.0,sage,mbm,2.0,2,raw,55.24372230428361,2.090472673559823
1bcbb904-4dcf-11ec-92d9-7079909da22a,2,cora,True,0.5,sage,mbm,0.01,0,raw,17.68094534711965,1.8172082717872957
1d56461e-4dbf-11ec-990a-7079909da22a,2,cora,True,0.5,sage,mbm,3.0,4,raw,36.82422451994092,4.808530280649922
1dffc0cc-4db5-11ec-9a22-7079909da22a,2,cora,True,2.0,sage,mbm,3.0,0,raw,62.74741506646973,1.8910635155096003
2073edc8-4dca-11ec-b892-7079909da22a,2,cora,True,3.0,sage,mbm,1.0,2,raw,80.94534711964549,0.5688700147710577
274343c8-4da3-11ec-b7d9-7079909da22a,2,cora,True,0.5,sage,mbm,inf,16,raw,48.242245199409155,4.735044313146229
29566dd4-4dc1-11ec-bd31-7079909da22a,2,cora,True,1.0,sage,mbm,3.0,4,raw,64.26883308714919,1.625
2a809ad8-4db0-11ec-93ff-7079909da22a,2,cora,True,2.0,sage,mbm,inf,2,raw,83.69276218611522,0.5616691285081288
2af5af0c-4de8-11ec-903e-7079909da22a,2,cora,True,0.5,sage,mbm,3.0,16,raw,44.04726735598227,6.204948301329395
2bda436e-4dda-11ec-95ba-7079909da22a,2,cora,True,1.0,sage,mbm,1.0,16,raw,66.21861152141801,2.2824963072378175
2d9bfb0e-4dc4-11ec-9657-7079909da22a,2,cora,True,0.5,sage,mbm,3.0,8,raw,42.68833087149187,6.242429837518465
2e8549ba-4dcb-11ec-adbb-7079909da22a,2,cora,True,2.0,sage,mbm,2.0,2,raw,74.711964549483,0.9896602658788751
2f72c448-4da7-11ec-b617-7079909da22a,2,cora,True,2.0,sage,mbm,3.0,4,raw,78.31610044313145,1.0044313146233392
310b2aea-4ddc-11ec-8844-7079909da22a,2,cora,True,2.0,sage,mbm,3.0,8,raw,79.1728212703102,0.7754800590841882
31d459f0-4dd3-11ec-9718-7079909da22a,2,cora,True,inf,sage,mbm,0.1,4,raw,77.10487444608566,1.2854505169867068
33be3450-4dda-11ec-af59-7079909da22a,2,cora,True,1.0,sage,mbm,3.0,2,raw,54.74150664697193,1.920236336779908
34af6544-4da5-11ec-b31d-7079909da22a,2,cora,True,inf,sage,mbm,3.0,4,raw,83.39734121122599,0.3175775480059073
34c4e974-4de5-11ec-8207-7079909da22a,2,cora,True,0.5,sage,mbm,0.1,4,raw,37.296898079763665,4.43186853766618
3721148c-4dcb-11ec-8d7b-7079909da22a,2,cora,True,2.0,sage,mbm,0.1,16,raw,67.4298375184638,1.617614475627775
3954dfb6-4de1-11ec-af14-7079909da22a,2,cora,True,1.0,sage,mbm,0.01,16,raw,50.97488921713442,3.0060930576070852
3c368230-4de5-11ec-9d62-7079909da22a,2,cora,True,inf,sage,mbm,3.0,16,raw,76.97193500738553,1.1602658788774036
3d2c47ba-4dc7-11ec-b728-7079909da22a,2,cora,True,inf,sage,mbm,1.0,4,raw,82.61447562776958,0.1772525849335338
3de6484c-4dfc-11ec-8031-7079909da22a,2,cora,True,1.0,gat,mbm,0.1,4,raw,53.20531757754801,2.3190546528803537
3eee2d04-4dde-11ec-97fe-7079909da22a,2,cora,True,0.5,sage,mbm,1.0,2,raw,30.443131462333827,2.5273264401772515
40968630-4dbe-11ec-ab15-7079909da22a,2,cora,True,1.0,sage,mbm,2.0,0,raw,37.01624815361891,3.552806499261454
41c6b3b2-4da6-11ec-a40a-7079909da22a,2,cora,True,0.5,sage,mbm,1.0,8,raw,41.00443131462333,5.362444608567209
42bc644e-4dcc-11ec-bace-7079909da22a,2,cora,True,inf,sage,mbm,0.01,8,raw,61.152141802067945,2.6591580502215635
47439b1a-4dac-11ec-8a28-7079909da22a,2,cora,True,0.5,sage,mbm,inf,0,raw,29.15805022156573,4.453840472673562
481f0cb0-4dc3-11ec-83c3-7079909da22a,2,cora,True,3.0,sage,mbm,0.01,4,raw,64.10635155096011,2.34176514032497
49fbdc3e-4dd2-11ec-91a8-7079909da22a,2,cora,True,inf,sage,mbm,inf,8,raw,74.35745937961596,0.5762555391432826
4c3549f8-4de2-11ec-b727-7079909da22a,2,cora,True,1.0,sage,mbm,1.0,2,raw,55.95273264401773,2.26827917282127
4c4a0e38-4dce-11ec-902a-7079909da22a,2,cora,True,2.0,sage,mbm,inf,4,raw,82.89512555391433,0.6499261447562716
4d26693e-4df9-11ec-b246-7079909da22a,2,cora,True,0.5,gcn,mbm,1.0,8,raw,40.54652880354505,4.514032496307234
4d821660-4dba-11ec-a897-7079909da22a,2,cora,True,inf,sage,mbm,0.01,4,raw,63.35302806499262,2.105243722304291
4e84bd1a-4db0-11ec-ac75-7079909da22a,2,cora,True,2.0,sage,mbm,inf,8,raw,82.05317577548006,0.5468980797636647
4eb0c732-4db7-11ec-a53a-7079909da22a,2,cora,True,3.0,sage,mbm,2.0,16,raw,77.00147710487445,1.2114106351550973
4f006ff2-4db8-11ec-ae15-7079909da22a,2,cora,True,2.0,sage,mbm,2.0,4,raw,78.31610044313146,0.8199778434268765
4fc11576-4dc3-11ec-a5b7-7079909da22a,2,cora,True,1.0,sage,mbm,inf,8,raw,73.91432791728214,1.5878877400295366
5208d266-4db8-11ec-956c-7079909da22a,2,cora,True,inf,sage,mbm,1.0,2,raw,83.22008862629247,0.38423190546527763
5429f7b6-4de3-11ec-81e4-7079909da22a,2,cora,True,2.0,sage,mbm,0.01,2,raw,61.09305760709011,1.802991137370757
566b584e-4dbb-11ec-8ce0-7079909da22a,2,cora,True,3.0,sage,mbm,0.01,2,raw,64.96307237813885,1.8029911373707534
56d33250-4dae-11ec-a35d-7079909da22a,2,cora,True,0.5,sage,mbm,inf,4,raw,46.73559822747414,4.417282127031015
5bca17d2-4daf-11ec-bb95-7079909da22a,2,cora,True,2.0,sage,mbm,1.0,8,raw,78.93648449039881,0.6129985228951185
5ed3a708-4dce-11ec-880e-7079909da22a,2,cora,True,3.0,sage,mbm,0.1,0,raw,68.9807976366322,2.009416543574588
60736d4a-4dd9-11ec-93fd-7079909da22a,2,cora,True,3.0,sage,mbm,0.01,8,raw,64.31314623338257,2.858567208271772
609d1a60-4dd8-11ec-ad49-7079909da22a,2,cora,True,3.0,sage,mbm,3.0,4,raw,82.00886262924666,0.5169867060561302
60a19cd6-4ddb-11ec-bfb0-7079909da22a,2,cora,True,inf,sage,mbm,3.0,8,raw,82.12703101920236,0.24372230428360098
60b8e8a8-4dd3-11ec-a202-7079909da22a,2,cora,True,2.0,sage,mbm,0.1,2,raw,72.23042836041358,1.1744830132939441
63b26026-4dd7-11ec-9f5d-7079909da22a,2,cora,True,1.0,sage,mbm,1.0,8,raw,68.95125553914328,1.7283973412112275
66703a56-4db2-11ec-96f9-7079909da22a,2,cora,True,1.0,sage,mbm,0.01,8,raw,57.34121122599705,1.4920605612998479
66b9d1ce-4df9-11ec-984e-7079909da22a,2,cora,True,0.5,gcn,mbm,3.0,8,raw,39.02511078286558,5.422082717872971
66fd5d40-4dd6-11ec-87e0-7079909da22a,2,cora,True,2.0,sage,mbm,2.0,16,raw,73.89955686853766,0.7902511078286594
69ea8976-4dca-11ec-b5c1-7079909da22a,2,cora,True,inf,sage,mbm,0.1,16,raw,67.68094534711965,0.6281388478582102
6ac0c992-4da6-11ec-a530-7079909da22a,2,cora,True,3.0,sage,mbm,2.0,4,raw,82.09748892171345,0.42854505169865575
6b262d04-4db6-11ec-8f15-7079909da22a,2,cora,True,1.0,sage,mbm,1.0,4,raw,64.4165435745938,1.3517355982274815
6bc0e28a-4dbc-11ec-8dcb-7079909da22a,2,cora,True,inf,sage,mbm,3.0,0,raw,83.10192023633678,0.4135893648449027
7308a5e6-4dad-11ec-b2bf-7079909da22a,2,cora,True,1.0,sage,mbm,0.1,8,raw,67.87296898079764,1.691469719350053
73355542-4dc5-11ec-9918-7079909da22a,2,cora,True,3.0,sage,mbm,inf,8,raw,84.46085672082718,0.49501477104875136
75ab18fa-4dd6-11ec-883d-7079909da22a,2,cora,True,inf,sage,mbm,0.01,16,raw,58.15361890694239,1.403434268833088
77117c8c-4db5-11ec-acfe-7079909da22a,2,cora,True,0.5,sage,mbm,3.0,2,raw,32.23042836041359,3.0727474150664715
77ef98a8-4ddf-11ec-95a4-7079909da22a,2,cora,True,2.0,sage,mbm,0.01,8,raw,61.344165435745936,1.7653249630723806
7dfcdaf2-4dbd-11ec-a998-7079909da22a,2,cora,True,3.0,sage,mbm,0.1,8,raw,77.97636632200887,1.4331610044313194
7e687ef2-4db2-11ec-8926-7079909da22a,2,cora,True,inf,sage,mbm,2.0,8,raw,81.99409158050221,0.22895125553913687
8066acfe-4db9-11ec-ba06-7079909da22a,2,cora,True,3.0,sage,mbm,1.0,4,raw,82.1861152141802,0.44313146233382383
81487de4-4de3-11ec-8db4-7079909da22a,2,cora,True,3.0,sage,mbm,inf,0,raw,85.61299852289513,0.48024372230428725
815fc952-4dcc-11ec-b6cd-7079909da22a,2,cora,True,inf,sage,mbm,2.0,2,raw,83.51550960118168,0.24372230428360098
82651704-4dd0-11ec-bd10-7079909da22a,2,cora,True,3.0,sage,mbm,0.1,4,raw,78.33087149187593,1.1375553914327838
82cb87c4-4dc0-11ec-b701-7079909da22a,2,cora,True,3.0,sage,mbm,3.0,0,raw,74.69719350073856,0.5912112259970499
84280212-4db3-11ec-a207-7079909da22a,2,cora,True,0.5,sage,mbm,0.01,16,raw,38.96602658788775,5.857274741506647
860735f2-4db9-11ec-a1fc-7079909da22a,2,cora,True,inf,sage,mbm,inf,0,raw,87.31166912850814,0.24372230428360098
870c378e-4da2-11ec-94b2-7079909da22a,2,cora,True,3.0,sage,mbm,0.01,16,raw,60.93057607090103,2.69627031019202
8a52a4c4-4dd8-11ec-9261-7079909da22a,2,cora,True,inf,sage,mbm,0.1,8,raw,73.13146233382571,1.0782865583456385
8b210754-4ddf-11ec-93f7-7079909da22a,2,cora,True,2.0,sage,mbm,1.0,16,raw,72.76218611521419,1.329763663220092
8f3b34bc-4dd1-11ec-a8d6-7079909da22a,2,cora,True,inf,sage,mbm,1.0,8,raw,81.34416543574594,0.3249630723781394
8f45c0c2-4ddf-11ec-8b6e-7079909da22a,2,cora,True,inf,sage,mbm,2.0,16,raw,76.7503692762186,1.1004431314623346
938ca664-4db2-11ec-ae6d-7079909da22a,2,cora,True,2.0,sage,mbm,0.01,16,raw,56.23338257016248,3.5897341211226035
950f94c4-4dc1-11ec-a90b-7079909da22a,2,cora,True,3.0,sage,mbm,3.0,2,raw,80.28064992614476,0.3545051698670534
95e34670-4dda-11ec-a818-7079909da22a,2,cora,True,0.5,sage,mbm,1.0,4,raw,35.81979320531758,4.211041358936479
97ca6ccc-4db5-11ec-83a4-7079909da22a,2,cora,True,2.0,sage,mbm,inf,16,raw,75.79025110782865,1.4625184638109303
984a7f10-4da7-11ec-b97a-7079909da22a,2,cora,True,2.0,sage,mbm,3.0,16,raw,74.06203840472674,0.8124076809453413
98c8828e-4dd9-11ec-85b3-7079909da22a,2,cora,True,3.0,sage,mbm,2.0,2,raw,81.2850812407681,0.6277695716395897
9b9cdefe-4df4-11ec-a4e5-7079909da22a,2,cora,True,0.5,gat,mbm,3.0,8,raw,39.70457902511078,5.283234859675041
9d0aef2c-4dce-11ec-ba00-7079909da22a,2,cora,True,2.0,sage,mbm,2.0,8,raw,79.1728212703102,0.9307607090103431
9d14eea2-4de5-11ec-b4fe-7079909da22a,2,cora,True,2.0,sage,mbm,1.0,0,raw,64.77104874446086,1.0561299852289423
9f26f10c-4da6-11ec-8445-7079909da22a,2,cora,True,1.0,sage,mbm,3.0,16,raw,66.0709010339734,2.445347119645504
9fdff08a-4dc9-11ec-a9b4-7079909da22a,2,cora,True,3.0,sage,mbm,inf,2,raw,85.40620384047267,0.4135893648449027
a13bee84-4dab-11ec-a464-7079909da22a,2,cora,True,1.0,sage,mbm,0.1,0,raw,41.28508124076809,4.329025110782869
a6c79cf8-4dcf-11ec-97bf-7079909da22a,2,cora,True,0.5,sage,mbm,0.1,8,raw,41.211225997045794,6.078471196454942
a93e02fa-4dd5-11ec-8c08-7079909da22a,2,cora,True,0.5,sage,mbm,2.0,2,raw,32.437223042836045,3.6268463810930545
aa7b44f6-4db3-11ec-86f3-7079909da22a,2,cora,True,inf,sage,mbm,2.0,0,raw,82.36336779911375,0.5910265878877325
ab21363e-4de2-11ec-b128-7079909da22a,2,cora,True,inf,sage,mbm,1.0,0,raw,82.99852289512555,0.41377400295420586
ad6979dc-4dcf-11ec-adab-7079909da22a,2,cora,True,2.0,sage,mbm,0.1,8,raw,74.84490398818316,1.6842688330871525
adc81a60-4df6-11ec-961f-7079909da22a,2,cora,True,1.0,gat,mbm,1.0,8,raw,65.68685376661743,1.9204209748892218
ae2de278-4de7-11ec-98d0-7079909da22a,2,cora,True,2.0,sage,mbm,0.01,0,raw,39.26144756277696,4.8172082717872975
aff0a660-4de5-11ec-aeac-7079909da22a,2,cora,True,0.5,sage,mbm,inf,2,raw,42.77695716395864,4.431868537666176
b18481f2-4de2-11ec-88a9-7079909da22a,2,cora,True,inf,sage,mbm,2.0,4,raw,82.82127031019203,0.5022156573116661
b59aa344-4db4-11ec-89dc-7079909da22a,2,cora,True,0.5,sage,mbm,2.0,16,raw,44.69719350073855,5.932237813884782
b7446b9e-4dc3-11ec-9caa-7079909da22a,2,cora,True,inf,sage,mbm,inf,16,raw,64.46085672082717,1.8020679468242164
b99f72ce-4dc0-11ec-9273-7079909da22a,2,cora,True,0.5,sage,mbm,0.1,0,raw,26.292466765140325,3.4492245199409144
baac8628-4db3-11ec-a6d0-7079909da22a,2,cora,True,0.5,sage,mbm,1.0,0,raw,22.93943870014771,4.010524372230428
bb6533a6-4de7-11ec-9600-7079909da22a,2,cora,True,0.5,sage,mbm,0.01,4,raw,37.680945347119646,5.577363367799112
bdeda58a-4dde-11ec-a675-7079909da22a,2,cora,True,2.0,sage,mbm,0.01,4,raw,64.26883308714919,1.8984490398818323
c2725f88-4da2-11ec-87c5-7079909da22a,2,cora,True,1.0,sage,mbm,inf,2,raw,74.72673559822746,1.8615214180206792
c4735c62-4db4-11ec-85a1-7079909da22a,2,cora,True,1.0,sage,mbm,0.1,4,raw,63.20531757754801,1.4479320531757764
c82aa9b8-4db5-11ec-ab30-7079909da22a,2,cora,True,inf,sage,mbm,1.0,16,raw,75.28803545051699,1.2998522895125504
c8c53876-4ddc-11ec-95ee-7079909da22a,2,cora,True,1.0,sage,mbm,inf,0,raw,68.34564254062039,2.141802067946827
c8e04f0e-4da4-11ec-adfa-7079909da22a,2,cora,True,1.0,sage,mbm,3.0,8,raw,69.3943870014771,1.603028064992614
c961d258-4dc8-11ec-8715-7079909da22a,2,cora,True,3.0,sage,mbm,0.1,16,raw,70.39881831610043,1.4623338257016343
ca767b86-4de0-11ec-b9a2-7079909da22a,2,cora,True,1.0,sage,mbm,inf,16,raw,66.63220088626292,3.0736706056129997
cb61d840-4dc4-11ec-8b6a-7079909da22a,2,cora,True,3.0,sage,mbm,2.0,0,raw,75.36189069423928,1.388663220088624
ccb97bd8-4dc1-11ec-86a0-7079909da22a,2,cora,True,0.5,sage,mbm,0.01,8,raw,38.99556868537666,5.207163958641065
cd4b1e44-4db2-11ec-98b8-7079909da22a,2,cora,True,inf,sage,mbm,0.1,0,raw,79.33530280649927,1.2333825701624832
cf024eac-4dd9-11ec-abfb-7079909da22a,2,cora,True,0.5,sage,mbm,inf,8,raw,48.78877400295421,3.9086041358936434
cffa0af4-4daa-11ec-9d8c-7079909da22a,2,cora,True,3.0,sage,mbm,3.0,8,raw,81.83161004431314,0.3545051698670605
d0089d72-4de0-11ec-b42d-7079909da22a,2,cora,True,1.0,sage,mbm,2.0,4,raw,64.32791728212702,1.5070162481536187
d031630e-4da6-11ec-962c-7079909da22a,2,cora,True,1.0,sage,mbm,0.1,2,raw,55.40620384047268,1.8988183161004493
d666cd8c-4dc8-11ec-9721-7079909da22a,2,cora,True,2.0,sage,mbm,3.0,2,raw,73.60413589364846,1.3521048744460842
d6e6cea8-4dcb-11ec-b5db-7079909da22a,2,cora,True,3.0,sage,mbm,1.0,16,raw,77.06056129985231,1.1744830132939583
d7e44aec-4df3-11ec-985c-7079909da22a,2,cora,True,1.0,gcn,mbm,1.0,8,raw,68.61152141802069,1.8325332348596532
d8f534bc-4de1-11ec-a845-7079909da22a,2,cora,True,3.0,sage,mbm,inf,16,raw,75.96750369276218,2.053545051698663
d9e8768e-4dc5-11ec-baf2-7079909da22a,2,cora,True,0.5,sage,mbm,2.0,4,raw,36.69128508124077,5.570531757754795
dc95bec8-4dd4-11ec-9c6a-7079909da22a,2,cora,True,3.0,sage,mbm,inf,4,raw,84.87444608567208,0.6427252584933498
ddd6e4d8-4da7-11ec-8255-7079909da22a,2,cora,True,2.0,sage,mbm,0.1,4,raw,75.58345642540621,1.3814623338257093
df64c8f0-4dc1-11ec-a25f-7079909da22a,2,cora,True,3.0,sage,mbm,1.0,0,raw,76.7503692762186,1.4994460856720906
e25834f6-4dd6-11ec-be25-7079909da22a,2,cora,True,1.0,sage,mbm,0.01,0,raw,27.326440177252586,5.385155096011816
e36105bc-4dd1-11ec-9205-7079909da22a,2,cora,True,inf,sage,mbm,inf,2,raw,86.44017725258495,0.1772525849335338
e71ffbd6-4dd6-11ec-bce7-7079909da22a,2,cora,True,1.0,sage,mbm,3.0,0,raw,37.40029542097489,3.1709748892171348
e777dadc-4db2-11ec-8235-7079909da22a,2,cora,True,1.0,sage,mbm,0.01,2,raw,46.36632200886264,3.383124076809459
e83cdcce-4dd0-11ec-886c-7079909da22a,2,cora,True,3.0,sage,mbm,0.1,2,raw,76.52880354505172,1.610228951255543
eaa481ba-4df3-11ec-9f76-7079909da22a,2,cora,True,1.0,gcn,mbm,0.1,4,raw,62.80649926144756,1.736152141802073
eabd152e-4db0-11ec-b737-7079909da22a,2,cora,True,0.5,sage,mbm,0.01,2,raw,29.497784342688334,3.1691285081240768
eb2486d6-4dde-11ec-bfd3-7079909da22a,2,cora,True,inf,sage,mbm,0.01,0,raw,66.18906942392911,2.2684638109305766
ebbee6d6-4dac-11ec-9731-7079909da22a,2,cora,True,inf,sage,mbm,inf,4,raw,85.02215657311669,1.2557237813884754
edbb25fa-4dc3-11ec-bf88-7079909da22a,2,cora,True,2.0,sage,mbm,2.0,0,raw,63.11669128508123,2.503877400295419
edbdca26-4dbe-11ec-b63f-7079909da22a,2,cora,True,0.5,sage,mbm,2.0,0,raw,21.979320531757754,2.2821270310192023
f11cd128-4dad-11ec-8cc2-7079909da22a,2,cora,True,inf,sage,mbm,0.1,2,raw,78.13884785819793,0.9898449039881925
f3822d50-4db7-11ec-8b54-7079909da22a,2,cora,True,1.0,sage,mbm,inf,4,raw,74.41654357459379,1.7876661742983728
f3dce00c-4dde-11ec-919e-7079909da22a,2,cora,True,2.0,sage,mbm,0.1,0,raw,59.039881831610046,2.076255539143279
f670819e-4de2-11ec-9ce2-7079909da22a,2,cora,True,2.0,sage,mbm,1.0,4,raw,78.1831610044313,0.7387370753323452
f7f5795a-4da3-11ec-aab5-7079909da22a,2,cora,True,2.0,sage,mbm,1.0,2,raw,74.34268833087148,1.3221935007385497
faf06c46-4ddf-11ec-b5d9-7079909da22a,2,cora,True,3.0,sage,mbm,3.0,16,raw,77.31166912850813,0.6427252584933569
fbe92968-4dc0-11ec-ad04-7079909da22a,2,cora,True,0.5,sage,mbm,1.0,16,raw,46.026587887740035,6.087703101920244
fd4992fa-4dae-11ec-95c5-7079909da22a,2,cora,True,inf,sage,mbm,3.0,2,raw,83.36779911373706,0.3545051698670605
fdd525a0-4dc1-11ec-8781-7079909da22a,2,cora,True,0.5,sage,mbm,3.0,0,raw,22.983751846381093,3.1909158050221613
fe70151c-4dab-11ec-8701-7079909da22a,2,cora,True,3.0,sage,mbm,0.01,0,raw,52.15657311669128,2.579579025110789
debedff2-4df4-11ec-9e1b-7079909da22a,4,cora,False,0.5,sage,mbm,inf,0,raw,29.172821270310198,2.6146602658788787
00882324-4db3-11ec-8e9d-7079909da22a,4,cora,True,inf,sage,mbm,1.0,16,raw,75.61299852289513,1.1822378138847967
03955d9e-4da8-11ec-b543-7079909da22a,4,cora,True,2.0,sage,mbm,0.1,0,raw,59.26144756277696,2.799852289512561
03a1b8fe-4de5-11ec-961f-7079909da22a,4,cora,True,0.5,sage,mbm,1.0,0,raw,26.425406203840474,3.568131462333822
067b58e8-4dcf-11ec-8a5e-7079909da22a,4,cora,True,0.5,sage,mbm,1.0,2,raw,34.283604135893654,4.055576070901033
08d03064-4da7-11ec-a69e-7079909da22a,4,cora,True,2.0,sage,mbm,2.0,16,raw,73.87001477104874,0.6726366322008772
098e1d8c-4ddd-11ec-a5ca-7079909da22a,4,cora,True,2.0,sage,mbm,0.1,8,raw,76.86853766617429,1.8543205317577502
0aa21d9e-4db6-11ec-b0b4-7079909da22a,4,cora,True,1.0,sage,mbm,0.1,4,raw,64.63810930576071,1.241137370753318
0aafac5c-4dc5-11ec-a19d-7079909da22a,4,cora,True,2.0,sage,mbm,1.0,8,raw,79.21713441654357,0.7018094534711992
0afd059e-4dd2-11ec-8434-7079909da22a,4,cora,True,0.5,sage,mbm,3.0,0,raw,25.28803545051698,4.454763663220092
0b1324fe-4db5-11ec-a332-7079909da22a,4,cora,True,0.5,sage,mbm,0.01,16,raw,36.79468242245199,7.186853766617427
0d4b907e-4ddf-11ec-9ebb-7079909da22a,4,cora,True,0.5,sage,mbm,inf,16,raw,45.02215657311669,5.488183161004429
0ea0bf00-4dc9-11ec-b0ad-7079909da22a,4,cora,True,inf,sage,mbm,2.0,0,raw,83.32348596750369,0.3768463810930598
1056e358-4dcc-11ec-8710-7079909da22a,4,cora,True,1.0,sage,mbm,2.0,4,raw,66.10044313146234,1.418205317577545
10ddb0da-4dbe-11ec-9652-7079909da22a,4,cora,True,inf,sage,mbm,0.01,2,raw,66.85376661742984,2.496861152141811
139932f8-4df6-11ec-9b4c-7079909da22a,4,cora,True,1.0,gat,mbm,2.0,8,raw,67.90251107828655,1.4551329394387054
14854b60-4dde-11ec-b8ce-7079909da22a,4,cora,True,0.5,sage,mbm,1.0,8,raw,43.60413589364845,6.381277695716392
16dabe52-4da9-11ec-9eb8-7079909da22a,4,cora,True,2.0,sage,mbm,2.0,0,raw,68.4194977843427,1.1748522895125575
17ef1954-4de6-11ec-8bdb-7079909da22a,4,cora,True,0.5,sage,mbm,2.0,16,raw,43.88478581979321,5.628508124076806
1b1bf1ca-4dd1-11ec-8a27-7079909da22a,4,cora,True,2.0,sage,mbm,0.01,0,raw,40.310192023633675,3.3310561299852246
1da53458-4dc0-11ec-8639-7079909da22a,4,cora,True,0.5,sage,mbm,0.1,8,raw,44.0768094534712,6.396971935007382
1ed5d584-4df3-11ec-9ad5-7079909da22a,4,cora,True,0.5,gat,mbm,inf,8,raw,50.723781388478585,4.4396233382570145
20dabb90-4db9-11ec-a429-7079909da22a,4,cora,True,0.5,sage,mbm,0.01,4,raw,38.89217134416543,4.566838995568681
2591fd44-4ddf-11ec-9c2f-7079909da22a,4,cora,True,3.0,sage,mbm,3.0,2,raw,81.38847858197933,0.5171713441654404
25e009c8-4de7-11ec-b9de-7079909da22a,4,cora,True,inf,sage,mbm,3.0,2,raw,83.63367799113738,0.22895125553914397
26c0a75e-4daa-11ec-9077-7079909da22a,4,cora,True,1.0,sage,mbm,1.0,8,raw,68.93648449039881,1.7064254062038486
276d9088-4da3-11ec-ac50-7079909da22a,4,cora,True,inf,sage,mbm,2.0,4,raw,83.14623338257016,0.22913589364845421
29e61218-4ddf-11ec-8827-7079909da22a,4,cora,True,2.0,sage,mbm,0.01,4,raw,66.54357459379615,2.363552437223049
2ad3cc80-4dba-11ec-a69d-7079909da22a,4,cora,True,1.0,sage,mbm,0.1,0,raw,43.412112259970456,4.055022156573113
2b0a0f3e-4db5-11ec-83ba-7079909da22a,4,cora,True,3.0,sage,mbm,1.0,16,raw,76.4549483013294,1.086410635155083
2dd6c0f2-4de4-11ec-9a72-7079909da22a,4,cora,True,inf,sage,mbm,0.1,8,raw,76.7503692762186,1.3884785819793208
2fb40460-4dbd-11ec-a77e-7079909da22a,4,cora,True,3.0,sage,mbm,inf,0,raw,85.12555391432792,0.6574963072378281
32bc3d88-4dc9-11ec-8b8a-7079909da22a,4,cora,True,3.0,sage,mbm,0.01,16,raw,62.96898079763663,2.1946085672082667
32f761f8-4dc7-11ec-8735-7079909da22a,4,cora,True,inf,sage,mbm,0.01,0,raw,70.32496307237814,1.8689069423929112
33373754-4dba-11ec-ba4c-7079909da22a,4,cora,True,1.0,sage,mbm,0.1,2,raw,59.02511078286558,2.6000738552437284
336703ec-4ddf-11ec-9622-7079909da22a,4,cora,True,2.0,sage,mbm,0.01,2,raw,60.70901033973412,3.006462333825702
3464bcba-4ddc-11ec-879d-7079909da22a,4,cora,True,inf,sage,mbm,0.1,16,raw,70.9453471196455,1.2187961595273222
37562a78-4dad-11ec-a0d5-7079909da22a,4,cora,True,inf,sage,mbm,inf,0,raw,87.09010339734121,0.2219350073855395
3cc75762-4dbb-11ec-acaf-7079909da22a,4,cora,True,2.0,sage,mbm,1.0,16,raw,73.81093057607089,0.5317577548005872
3d520c16-4dc2-11ec-8f87-7079909da22a,4,cora,True,1.0,sage,mbm,1.0,4,raw,66.02658788774002,2.149741506646979
3f6476f4-4dc9-11ec-bd42-7079909da22a,4,cora,True,2.0,sage,mbm,0.01,16,raw,61.32939438700148,2.836041358936484
42add8a8-4dc6-11ec-ad1c-7079909da22a,4,cora,True,inf,sage,mbm,1.0,0,raw,83.27917282127031,0.3988183161004386
4357df9e-4ddd-11ec-9b6d-7079909da22a,4,cora,True,0.5,sage,mbm,3.0,8,raw,43.929098966026594,6.118353028064998
43ca1ec6-4de5-11ec-8ec4-7079909da22a,4,cora,True,3.0,sage,mbm,2.0,16,raw,77.79911373707533,0.5391432791728192
47915250-4dd5-11ec-86a9-7079909da22a,4,cora,True,3.0,sage,mbm,3.0,4,raw,82.1861152141802,0.3988183161004386
481d4de6-4da8-11ec-b9d3-7079909da22a,4,cora,True,2.0,sage,mbm,inf,0,raw,82.76218611521418,0.5540989660265865
4a0c11e6-4dbc-11ec-900c-7079909da22a,4,cora,True,0.5,sage,mbm,0.01,0,raw,24.446085672082717,4.062592319054653
4d53e14a-4dde-11ec-9888-7079909da22a,4,cora,True,0.5,sage,mbm,0.1,0,raw,24.667651403249632,1.5880723781388468
4d5e1cdc-4df2-11ec-9f20-7079909da22a,4,cora,True,0.5,gat,mbm,0.01,4,raw,31.521418020679477,3.4422082717872993
4dc272c0-4dbd-11ec-a064-7079909da22a,4,cora,True,inf,sage,mbm,0.01,4,raw,67.59231905465289,1.6405096011816909
4e3430ea-4dd1-11ec-8897-7079909da22a,4,cora,True,2.0,sage,mbm,1.0,0,raw,70.84194977843427,1.8908788774003042
4efd0860-4dc9-11ec-87b3-7079909da22a,4,cora,True,0.5,sage,mbm,2.0,8,raw,44.1506646971935,5.805945347119643
4f89d192-4dbe-11ec-896a-7079909da22a,4,cora,True,2.0,sage,mbm,0.1,4,raw,77.47415066469719,0.5614844903988256
5290fae2-4db8-11ec-ab26-7079909da22a,4,cora,True,inf,sage,mbm,0.1,0,raw,74.43131462333824,2.082902511078281
539edc78-4db4-11ec-8408-7079909da22a,4,cora,True,3.0,sage,mbm,0.01,0,raw,51.29985228951257,3.3986336779911355
555985be-4da9-11ec-bce5-7079909da22a,4,cora,True,2.0,sage,mbm,1.0,2,raw,76.21861152141801,0.9379615952732578
566163ca-4dc5-11ec-87d5-7079909da22a,4,cora,True,0.5,sage,mbm,3.0,2,raw,35.31757754800591,3.531942392909894
615753b6-4dd9-11ec-931b-7079909da22a,4,cora,True,3.0,sage,mbm,1.0,4,raw,82.28951255539144,0.5097858197932084
6305924c-4dd2-11ec-9d23-7079909da22a,4,cora,True,inf,sage,mbm,2.0,16,raw,77.57754800590843,0.820347119645497
6638f014-4dc6-11ec-933d-7079909da22a,4,cora,True,0.5,sage,mbm,1.0,4,raw,40.206794682422455,4.166912850812405
67f13230-4de5-11ec-9fc1-7079909da22a,4,cora,True,3.0,sage,mbm,0.01,8,raw,67.8877400295421,1.6916543574593845
6b6563d6-4da5-11ec-9b11-7079909da22a,4,cora,True,2.0,sage,mbm,1.0,4,raw,78.70014771048744,0.8201624815361939
6c7c8d10-4dcf-11ec-a420-7079909da22a,4,cora,True,0.5,sage,mbm,2.0,0,raw,27.11964549483013,3.7374446085672073
6cf0dade-4dd0-11ec-b4c4-7079909da22a,4,cora,True,0.5,sage,mbm,3.0,16,raw,44.85967503692761,6.161373707533233
6cf4902c-4dba-11ec-9e5c-7079909da22a,4,cora,True,0.5,sage,mbm,1.0,16,raw,44.72673559822748,6.087149187592317
712a0892-4dd4-11ec-be09-7079909da22a,4,cora,True,3.0,sage,mbm,3.0,8,raw,81.71344165435747,0.4800590841949699
723797a0-4ddd-11ec-a74c-7079909da22a,4,cora,True,2.0,sage,mbm,3.0,2,raw,75.92319054652879,1.4924298375184648
7a59a846-4dac-11ec-a470-7079909da22a,4,cora,True,2.0,sage,mbm,inf,2,raw,83.20531757754802,0.5169867060561231
7aa209d0-4dc3-11ec-afde-7079909da22a,4,cora,True,3.0,sage,mbm,0.01,2,raw,67.3559822747415,2.437961595273272
7b5a0608-4dd6-11ec-bc01-7079909da22a,4,cora,True,1.0,sage,mbm,inf,4,raw,74.22451994091578,1.5371122599704634
81619a7c-4dde-11ec-b6be-7079909da22a,4,cora,True,1.0,sage,mbm,inf,8,raw,72.68833087149187,1.6624815361890697
83c21e00-4dbf-11ec-afee-7079909da22a,4,cora,True,0.5,sage,mbm,0.1,16,raw,44.80059084194978,6.006462333825709
85fe0128-4da8-11ec-a09d-7079909da22a,4,cora,True,1.0,sage,mbm,inf,0,raw,70.6056129985229,2.2896971935007286
873cdc9a-4dca-11ec-9419-7079909da22a,4,cora,True,3.0,sage,mbm,3.0,0,raw,77.90251107828657,0.7682791728212734
87f7f2d2-4dc5-11ec-9c43-7079909da22a,4,cora,True,3.0,sage,mbm,2.0,4,raw,82.09748892171345,0.5171713441654333
88ca46b8-4de0-11ec-adfc-7079909da22a,4,cora,True,0.5,sage,mbm,inf,0,raw,30.354505169867064,4.594165435745936
8c35de40-4dde-11ec-9a1b-7079909da22a,4,cora,True,2.0,sage,mbm,3.0,4,raw,78.46381093057607,0.6796528803545101
8e606ee8-4dce-11ec-b481-7079909da22a,4,cora,True,1.0,sage,mbm,0.1,16,raw,63.20531757754801,2.3194239290989564
9016a7ea-4ddb-11ec-9207-7079909da22a,4,cora,True,inf,sage,mbm,2.0,2,raw,83.16100443131464,0.3916174298375097
92f95992-4dc4-11ec-976e-7079909da22a,4,cora,True,1.0,sage,mbm,1.0,0,raw,46.76514032496307,2.8737075332348567
9629bdb2-4dda-11ec-9077-7079909da22a,4,cora,True,2.0,sage,mbm,0.1,2,raw,74.29837518463812,1.5070162481536187
98992290-4de4-11ec-9471-7079909da22a,4,cora,True,1.0,sage,mbm,1.0,16,raw,66.2629246676514,2.282496307237821
9a5dc342-4dda-11ec-bb04-7079909da22a,4,cora,True,2.0,sage,mbm,2.0,4,raw,78.93648449039881,0.6720827178729678
9c67cb5c-4dbb-11ec-853a-7079909da22a,4,cora,True,0.5,sage,mbm,2.0,4,raw,41.10782865583457,4.8892171344165405
9ca5ba86-4da5-11ec-bbd5-7079909da22a,4,cora,True,inf,sage,mbm,3.0,8,raw,82.14180206794683,0.24372230428360098
9d1a6c24-4dc7-11ec-b390-7079909da22a,4,cora,True,0.5,sage,mbm,0.1,2,raw,32.215657311669126,4.4621491875923205
9dde1362-4ddc-11ec-8d3c-7079909da22a,4,cora,True,2.0,sage,mbm,3.0,8,raw,79.70457902511077,0.5395125553914326
a0a92b58-4db5-11ec-803c-7079909da22a,4,cora,True,1.0,sage,mbm,2.0,8,raw,69.4682422451994,2.2086410635155076
a0ada86c-4da7-11ec-9e07-7079909da22a,4,cora,True,inf,sage,mbm,inf,16,raw,61.65435745937962,0.3325332348596781
a2717676-4dcd-11ec-a7a5-7079909da22a,4,cora,True,inf,sage,mbm,3.0,0,raw,83.94387001477105,0.4357459379615989
a381e5b2-4dac-11ec-af3f-7079909da22a,4,cora,True,0.5,sage,mbm,2.0,2,raw,35.79025110782865,4.6903618906942395
a5d4d232-4dc2-11ec-9a8c-7079909da22a,4,cora,True,inf,sage,mbm,inf,8,raw,73.44165435745938,0.5319423929099045
a6319eba-4dbb-11ec-805f-7079909da22a,4,cora,True,3.0,sage,mbm,1.0,0,raw,79.26144756277695,0.6279542097488999
a73bbd3e-4de5-11ec-96b3-7079909da22a,4,cora,True,1.0,sage,mbm,inf,2,raw,74.4608567208272,1.4697193500738521
a75c2666-4dde-11ec-bda7-7079909da22a,4,cora,True,1.0,sage,mbm,1.0,2,raw,59.55686853766616,2.038958641063509
aaf154c0-4dae-11ec-a297-7079909da22a,4,cora,True,inf,sage,mbm,inf,2,raw,84.7858197932053,1.0561299852289423
ab5f55fc-4dbc-11ec-ba30-7079909da22a,4,cora,True,inf,sage,mbm,0.1,2,raw,79.58641063515509,1.1152141802067845
ab920d42-4de1-11ec-aaa0-7079909da22a,4,cora,True,3.0,sage,mbm,inf,4,raw,84.46085672082718,0.25867799113737533
acaf76be-4ddd-11ec-8052-7079909da22a,4,cora,True,inf,sage,mbm,inf,4,raw,79.8522895125554,0.11816838995569157
adc5c17a-4ddd-11ec-80c4-7079909da22a,4,cora,True,2.0,sage,mbm,inf,4,raw,82.51107828655833,0.5836410635155147
adc71a96-4dd0-11ec-9daf-7079909da22a,4,cora,True,1.0,sage,mbm,0.01,8,raw,60.47267355982275,2.5703471196455006
b16b8eb4-4daf-11ec-acd1-7079909da22a,4,cora,True,3.0,sage,mbm,0.1,16,raw,71.89069423929098,1.7211964549483056
b2890f4c-4dd2-11ec-8d40-7079909da22a,4,cora,True,2.0,sage,mbm,3.0,0,raw,69.77843426883308,1.566100443131468
b4ce8f92-4dce-11ec-9cdc-7079909da22a,4,cora,True,1.0,sage,mbm,3.0,4,raw,66.88330871491877,1.876107828655833
b73ce704-4db7-11ec-ac4c-7079909da22a,4,cora,True,3.0,sage,mbm,2.0,0,raw,78.02067946824226,0.937961595273265
b99d0424-4db8-11ec-a247-7079909da22a,4,cora,True,2.0,sage,mbm,0.01,8,raw,65.40620384047267,2.3786927621861125
bb57e3b0-4da9-11ec-9f63-7079909da22a,4,cora,True,1.0,sage,mbm,3.0,16,raw,66.35155096011816,2.2756646971934984
bb7c934c-4dc5-11ec-b90f-7079909da22a,4,cora,True,3.0,sage,mbm,0.1,0,raw,71.890694239291,2.7403988183160948
bd81be30-4dd7-11ec-a442-7079909da22a,4,cora,True,1.0,sage,mbm,3.0,8,raw,69.20236336779912,1.8761078286558401
be7fb562-4dd7-11ec-a1bc-7079909da22a,4,cora,True,inf,sage,mbm,0.1,4,raw,78.61152141802066,1.3148079763663176
bfb410f8-4dab-11ec-9c45-7079909da22a,4,cora,True,0.5,sage,mbm,inf,8,raw,49.74889217134417,4.601735598227478
bfbb3b72-4de6-11ec-a57d-7079909da22a,4,cora,True,0.5,sage,mbm,3.0,4,raw,39.63072378138848,4.860228951255539
c24ee642-4dc6-11ec-b104-7079909da22a,4,cora,True,inf,sage,mbm,0.01,16,raw,64.47562776957163,1.196824224519947
c2ce3704-4da2-11ec-a3cb-7079909da22a,4,cora,True,inf,sage,mbm,1.0,2,raw,82.6440177252585,0.4359305760708949
c4f18f8c-4dd8-11ec-ad61-7079909da22a,4,cora,True,2.0,sage,mbm,inf,16,raw,75.71639586410636,1.181683899556866
c56e8108-4dcf-11ec-8bf2-7079909da22a,4,cora,True,1.0,sage,mbm,3.0,0,raw,48.53766617429837,3.3033604135893633
c5b2ec72-4dd3-11ec-8f4b-7079909da22a,4,cora,True,0.5,sage,mbm,0.01,2,raw,30.16248153618907,2.939438700147715
c65f416a-4dd9-11ec-81cf-7079909da22a,4,cora,True,3.0,sage,mbm,1.0,2,raw,81.62481536189071,0.6499261447562716
c6d091a0-4dd2-11ec-ba6e-7079909da22a,4,cora,True,3.0,sage,mbm,0.01,4,raw,68.41949778434268,2.045974889217142
c70a4f3c-4dda-11ec-83e2-7079909da22a,4,cora,True,inf,sage,mbm,3.0,16,raw,77.01624815361892,1.2186115214180262
c860ff4e-4dd4-11ec-a418-7079909da22a,4,cora,True,1.0,sage,mbm,2.0,16,raw,66.410635155096,2.4455317577548
c8814f18-4ddb-11ec-b003-7079909da22a,4,cora,True,inf,sage,mbm,1.0,4,raw,82.74741506646971,0.3031757754800779
c8e990dc-4de0-11ec-8a07-7079909da22a,4,cora,True,0.5,sage,mbm,inf,4,raw,49.03988183161004,4.824039881831617
c994f496-4dbc-11ec-a380-7079909da22a,4,cora,True,2.0,sage,mbm,2.0,2,raw,75.36189069423929,1.0561299852289494
cdb4b0cc-4dba-11ec-ab88-7079909da22a,4,cora,True,3.0,sage,mbm,inf,2,raw,85.05169867060563,0.40620384047267066
cea8e9ea-4daf-11ec-b40a-7079909da22a,4,cora,True,1.0,sage,mbm,0.01,0,raw,27.75480059084195,5.321085672082717
cf3b760e-4dc6-11ec-9688-7079909da22a,4,cora,True,3.0,sage,mbm,3.0,16,raw,77.78434268833087,0.6129985228951256
d26eebcc-4db6-11ec-9b8e-7079909da22a,4,cora,True,1.0,sage,mbm,2.0,0,raw,43.737075332348596,4.107459379615946
d4cf98fe-4dba-11ec-8c58-7079909da22a,4,cora,True,2.0,sage,mbm,0.1,16,raw,70.79763663220089,1.315177252584931
d50a6b8a-4dd0-11ec-9235-7079909da22a,4,cora,True,1.0,sage,mbm,0.01,4,raw,57.60709010339733,2.444793205317577
d91422f0-4da5-11ec-b5cd-7079909da22a,4,cora,True,1.0,sage,mbm,0.1,8,raw,68.4194977843427,1.721565731166912
d96c9836-4ddc-11ec-b4df-7079909da22a,4,cora,True,inf,sage,mbm,3.0,4,raw,83.41211225997044,0.24372230428360098
dcfcd4b0-4de7-11ec-a278-7079909da22a,4,cora,True,3.0,sage,mbm,inf,8,raw,84.00295420974889,0.29542097488921826
df41e3a0-4db5-11ec-b497-7079909da22a,4,cora,True,inf,sage,mbm,2.0,8,raw,81.75775480059085,0.31019202363368237
dfefdae0-4dac-11ec-abbf-7079909da22a,4,cora,True,1.0,sage,mbm,0.01,2,raw,47.32644017725258,4.713995568685366
e1cd984c-4dad-11ec-8bb3-7079909da22a,4,cora,True,inf,sage,mbm,0.01,8,raw,66.07090103397341,1.7283973412112204
e8012718-4daf-11ec-851d-7079909da22a,4,cora,True,0.5,sage,mbm,0.1,4,raw,42.00886262924668,4.861521418020676
e822b504-4daa-11ec-97f9-7079909da22a,4,cora,True,2.0,sage,mbm,inf,8,raw,81.44756277695714,0.716395864106353
ead6440e-4de2-11ec-8e6a-7079909da22a,4,cora,True,1.0,sage,mbm,0.01,16,raw,54.93353028064992,3.5086779911373753
eb1f123a-4db3-11ec-8244-7079909da22a,4,cora,True,3.0,sage,mbm,0.1,8,raw,78.77400295420975,0.9898449039881854
ec954e82-4db7-11ec-b761-7079909da22a,4,cora,True,0.5,sage,mbm,0.01,8,raw,41.846381093057616,5.3491506646971985
ed9c1628-4dbf-11ec-a932-7079909da22a,4,cora,True,1.0,sage,mbm,2.0,2,raw,61.019202363367796,1.5142171344165334
edaca268-4dfb-11ec-b25f-7079909da22a,4,cora,True,0.5,gcn,mbm,0.01,4,raw,38.980797636632204,6.072193500738553
ee0fea3e-4df2-11ec-b059-7079909da22a,4,cora,True,0.5,gcn,mbm,inf,8,raw,46.73559822747414,3.4724889217134454
eee655b0-4dc5-11ec-a980-7079909da22a,4,cora,True,3.0,sage,mbm,2.0,2,raw,81.61004431314623,0.5467134416543615
f01f1cd0-4dae-11ec-998d-7079909da22a,4,cora,True,2.0,sage,mbm,3.0,16,raw,74.23929098966028,0.6720827178729607
f1546e3c-4de2-11ec-93e3-7079909da22a,4,cora,True,inf,sage,mbm,1.0,8,raw,81.55096011816839,0.2067946824224478
f4bf9720-4da3-11ec-b0c5-7079909da22a,4,cora,True,3.0,sage,mbm,inf,16,raw,74.91875923190548,2.2906203840472585
f506557a-4da8-11ec-a660-7079909da22a,4,cora,True,3.0,sage,mbm,2.0,8,raw,81.71344165435747,0.3175775480059144
f63705ba-4ddb-11ec-b659-7079909da22a,4,cora,True,2.0,sage,mbm,2.0,8,raw,79.26144756277697,0.6131831610044358
f6f36b3c-4daa-11ec-96fd-7079909da22a,4,cora,True,3.0,sage,mbm,1.0,8,raw,81.6248153618907,0.39143279172820655
f8f66298-4df7-11ec-8592-7079909da22a,4,cora,True,1.0,gcn,mbm,2.0,8,raw,69.05465288035451,1.7064254062038273
fa917c56-4dbf-11ec-a263-7079909da22a,4,cora,True,1.0,sage,mbm,3.0,2,raw,61.314623338257014,1.9723042836041387
fb50c000-4dda-11ec-b092-7079909da22a,4,cora,True,3.0,sage,mbm,0.1,4,raw,79.67503692762186,0.664881831610046
fe0ffdec-4dd5-11ec-8d92-7079909da22a,4,cora,True,1.0,sage,mbm,inf,16,raw,65.81979320531758,3.5895494830132897
fe390268-4dd1-11ec-8926-7079909da22a,4,cora,True,0.5,sage,mbm,inf,2,raw,45.55391432791728,5.185561299852292
fe6549e6-4dda-11ec-9956-7079909da22a,4,cora,True,3.0,sage,mbm,0.1,2,raw,79.14327917282127,1.1447562776957199
c64b37d2-4df8-11ec-9930-7079909da22a,8,cora,False,2.0,sage,mbm,1.0,0,raw,54.87444608567208,2.2381831610044323
0288f166-4dc8-11ec-848e-7079909da22a,8,cora,True,1.0,sage,mbm,0.1,0,raw,46.66174298375184,4.683530280649926
02c8deb2-4de0-11ec-915b-7079909da22a,8,cora,True,0.5,sage,mbm,3.0,0,raw,28.301329394387,6.007016248153619
05046338-4dd4-11ec-8503-7079909da22a,8,cora,True,inf,sage,mbm,2.0,16,raw,77.78434268833088,0.45790251107828794
05945adc-4dd0-11ec-be2d-7079909da22a,8,cora,True,3.0,sage,mbm,2.0,4,raw,82.54062038404727,0.5612998522895154
06d70c2e-4df2-11ec-b371-7079909da22a,8,cora,True,2.0,gcn,mbm,2.0,4,raw,79.40915805022156,0.871861152141804
06f5ecd0-4dba-11ec-bc7e-7079909da22a,8,cora,True,1.0,sage,mbm,0.01,4,raw,58.95125553914329,3.7612629246676477
08b99dce-4da5-11ec-b4f5-7079909da22a,8,cora,True,inf,sage,mbm,0.1,16,raw,70.04431314623338,1.14494091580503
09a5defc-4dad-11ec-a589-7079909da22a,8,cora,True,1.0,sage,mbm,inf,4,raw,73.84047267355982,1.8175775480059144
09dceb4c-4de7-11ec-a27b-7079909da22a,8,cora,True,1.0,sage,mbm,3.0,2,raw,66.33677991137371,2.4966765140324902
0aa9813a-4ddc-11ec-b98c-7079909da22a,8,cora,True,inf,sage,mbm,inf,4,raw,74.10635155096011,0.4433161004431341
0abe0ea2-4daf-11ec-b0da-7079909da22a,8,cora,True,2.0,sage,mbm,0.1,0,raw,66.76514032496308,2.947193500738557
0c8d978e-4dfa-11ec-9e3f-7079909da22a,8,cora,True,2.0,gat,mbm,2.0,4,raw,79.12850812407679,0.7682791728212663
0dabd422-4dc9-11ec-a359-7079909da22a,8,cora,True,inf,sage,mbm,0.01,0,raw,71.53618906942393,2.348596750369275
0f786762-4de6-11ec-9073-7079909da22a,8,cora,True,2.0,sage,mbm,3.0,2,raw,76.73559822747416,0.8199778434268907
0fbaa6e2-4df8-11ec-a4c3-7079909da22a,8,cora,True,2.0,gat,mbm,1.0,4,raw,77.74002954209749,0.6868537666174319
11a3e9e2-4dac-11ec-bd99-7079909da22a,8,cora,True,0.5,sage,mbm,3.0,4,raw,41.75775480059083,4.579394387001479
12d94e22-4dbd-11ec-884d-7079909da22a,8,cora,True,0.5,sage,mbm,0.01,16,raw,39.66026587887741,7.3345642540620375
136e96b6-4dd7-11ec-94b3-7079909da22a,8,cora,True,1.0,sage,mbm,0.01,0,raw,33.36779911373708,5.00738552437223
1402f046-4dd6-11ec-9f0b-7079909da22a,8,cora,True,1.0,sage,mbm,3.0,4,raw,68.59675036927622,1.8906942392909798
1664a3e0-4da2-11ec-9c2e-7079909da22a,8,cora,True,inf,sage,mbm,0.1,0,raw,69.85228951255539,3.3533973412112275
1f2fdc7c-4dc2-11ec-bd5c-7079909da22a,8,cora,True,1.0,sage,mbm,0.01,8,raw,60.08862629246677,2.740398818316109
1fe36824-4df8-11ec-b14b-7079909da22a,8,cora,True,3.0,gat,mbm,0.01,8,raw,54.29837518463811,4.586779911373707
2165d3b2-4de4-11ec-90bf-7079909da22a,8,cora,True,2.0,sage,mbm,0.1,8,raw,77.72525849335302,1.2487075332348638
24e77320-4de8-11ec-9943-7079909da22a,8,cora,True,2.0,sage,mbm,2.0,16,raw,74.34268833087148,0.6872230428360453
26943344-4dce-11ec-b0a2-7079909da22a,8,cora,True,inf,sage,mbm,0.1,8,raw,79.36484490398817,1.0046159527326495
2798e966-4dcd-11ec-9324-7079909da22a,8,cora,True,1.0,sage,mbm,1.0,2,raw,64.07680945347121,2.385709010339742
28b7c5f8-4dbc-11ec-b2bb-7079909da22a,8,cora,True,0.5,sage,mbm,0.1,2,raw,34.69719350073855,4.439623338257013
29ce3434-4dd7-11ec-97b9-7079909da22a,8,cora,True,inf,sage,mbm,3.0,16,raw,77.34121122599706,0.9898449039881783
2d87441a-4dc0-11ec-b180-7079909da22a,8,cora,True,3.0,sage,mbm,0.01,8,raw,67.38552437223044,2.156573116691291
307af6a0-4dc3-11ec-9755-7079909da22a,8,cora,True,1.0,sage,mbm,1.0,0,raw,53.07237813884785,5.00092319054653
3131fc28-4df1-11ec-a9e2-7079909da22a,8,cora,True,inf,gat,mbm,0.01,0,raw,59.68980797636632,2.512924667651397
31322784-4df1-11ec-82ef-7079909da22a,8,cora,True,inf,gcn,mbm,0.01,0,raw,72.61447562776958,1.7433530280649734
314124dc-4df1-11ec-9100-7079909da22a,8,cora,True,3.0,gcn,mbm,0.01,8,raw,73.2791728212703,2.4156203840472585
32f6de1e-4dc1-11ec-a861-7079909da22a,8,cora,True,3.0,sage,mbm,2.0,16,raw,77.63663220088627,0.5096011816838981
385aa47a-4dc2-11ec-9eb4-7079909da22a,8,cora,True,0.5,sage,mbm,0.1,8,raw,45.55391432791728,5.439254062038405
39b3de66-4da6-11ec-a965-7079909da22a,8,cora,True,inf,sage,mbm,0.01,2,raw,66.88330871491875,2.917282127031008
39b69198-4de6-11ec-9d3a-7079909da22a,8,cora,True,inf,sage,mbm,inf,16,raw,60.76809453471195,0.41377400295420586
3b67ac1a-4dab-11ec-8518-7079909da22a,8,cora,True,3.0,sage,mbm,inf,16,raw,73.63367799113738,2.4828286558345525
3c749060-4dcd-11ec-bd31-7079909da22a,8,cora,True,1.0,sage,mbm,0.1,8,raw,68.33087149187593,1.7431683899556916
3d4d76f4-4dfb-11ec-b159-7079909da22a,8,cora,True,0.5,gcn,mbm,2.0,8,raw,45.096011816839,5.163220088626293
432fac7a-4db7-11ec-aba0-7079909da22a,8,cora,True,inf,sage,mbm,2.0,0,raw,84.00295420974889,0.6056129985228935
437353e2-4daa-11ec-9cdb-7079909da22a,8,cora,True,0.5,sage,mbm,1.0,16,raw,44.53471196454949,6.433161004431312
45a7cc9e-4dad-11ec-839e-7079909da22a,8,cora,True,1.0,sage,mbm,1.0,16,raw,66.58788774002954,2.4525480059084117
45d3f5b2-4da8-11ec-9f8c-7079909da22a,8,cora,True,3.0,sage,mbm,1.0,0,raw,80.47267355982277,0.6720827178729678
46a6b1ce-4de8-11ec-a736-7079909da22a,8,cora,True,inf,sage,mbm,inf,2,raw,77.93205317577548,0.9455317577548001
46beede4-4ddd-11ec-91d5-7079909da22a,8,cora,True,0.5,sage,mbm,inf,8,raw,48.47858197932054,3.966765140324963
46c5665a-4db1-11ec-b5e6-7079909da22a,8,cora,True,2.0,sage,mbm,2.0,2,raw,76.69128508124076,1.0269571639586488
485a20f6-4ddd-11ec-bec9-7079909da22a,8,cora,True,3.0,sage,mbm,inf,2,raw,84.04726735598227,0.5834564254062045
48625a90-4db6-11ec-86cf-7079909da22a,8,cora,True,inf,sage,mbm,2.0,4,raw,83.3234859675037,0.31776218611521756
4b27c532-4daf-11ec-a890-7079909da22a,8,cora,True,3.0,sage,mbm,0.1,4,raw,80.78286558345641,0.5022156573116732
4be4889a-4df8-11ec-be27-7079909da22a,8,cora,True,2.0,gcn,mbm,0.01,8,raw,72.15657311669129,2.9038035450517015
4d5bcbfa-4db4-11ec-b7ca-7079909da22a,8,cora,True,inf,sage,mbm,1.0,2,raw,83.48596750369276,0.48024372230428725
4f8fe270-4dc9-11ec-a74d-7079909da22a,8,cora,True,inf,sage,mbm,2.0,8,raw,81.97932053175776,0.39900295420974885
50303f48-4dd0-11ec-9488-7079909da22a,8,cora,True,0.5,sage,mbm,0.01,2,raw,34.26883308714919,6.090472673559821
51a1d6cc-4dab-11ec-94ea-7079909da22a,8,cora,True,1.0,sage,mbm,1.0,8,raw,69.29098966026588,1.595642540620382
521d5466-4db3-11ec-b0a5-7079909da22a,8,cora,True,2.0,sage,mbm,0.1,2,raw,74.35745937961595,1.7948670605612946
5224956c-4de7-11ec-865a-7079909da22a,8,cora,True,inf,sage,mbm,inf,8,raw,71.93500738552437,0.48024372230429435
53f9d884-4dfb-11ec-9aa8-7079909da22a,8,cora,True,2.0,gat,mbm,0.01,8,raw,56.46971935007385,3.7446454948301344
55d0cf9a-4df7-11ec-8e3d-7079909da22a,8,cora,True,2.0,gat,mbm,3.0,4,raw,79.29098966026586,0.8567208271787266
594086b4-4dd1-11ec-86dd-7079909da22a,8,cora,True,0.5,sage,mbm,0.01,0,raw,23.42688330871492,3.16118906942393
59f7fb5c-4dcf-11ec-9d00-7079909da22a,8,cora,True,2.0,sage,mbm,inf,8,raw,80.8714918759232,0.4951994091580616
5a37b618-4db4-11ec-bb44-7079909da22a,8,cora,True,0.5,sage,mbm,inf,4,raw,48.6410635155096,4.314069423929098
5a5fc480-4da2-11ec-a21e-7079909da22a,8,cora,True,0.5,sage,mbm,0.01,4,raw,38.86262924667652,5.510524372230428
60d02ec0-4ddb-11ec-a1a3-7079909da22a,8,cora,True,3.0,sage,mbm,1.0,4,raw,82.42245199409157,0.5391432791728263
62622b0e-4dda-11ec-a7d3-7079909da22a,8,cora,True,2.0,sage,mbm,0.01,2,raw,66.35155096011816,2.2012555391432613
637b44ac-4dae-11ec-9757-7079909da22a,8,cora,True,2.0,sage,mbm,inf,0,raw,81.49187592319055,0.5317577548005872
6713bb4e-4dbd-11ec-b99c-7079909da22a,8,cora,True,inf,sage,mbm,1.0,0,raw,83.75184638109306,0.6056129985228935
693322a4-4dbb-11ec-b53d-7079909da22a,8,cora,True,0.5,sage,mbm,3.0,16,raw,45.19940915805022,5.85727474150665
6d7b942c-4dd4-11ec-8ab1-7079909da22a,8,cora,True,3.0,sage,mbm,inf,8,raw,82.7917282127031,0.3397341211225964
70408ef4-4dc7-11ec-820a-7079909da22a,8,cora,True,2.0,sage,mbm,0.1,16,raw,69.3943870014771,2.2309822747415
704f00fa-4dc3-11ec-8b23-7079909da22a,8,cora,True,2.0,sage,mbm,2.0,4,raw,79.48301329394387,0.8866322008862682
726a13e8-4dc8-11ec-82cb-7079909da22a,8,cora,True,1.0,sage,mbm,2.0,2,raw,65.37666174298376,1.9499630723781394
7436eae2-4db0-11ec-98a1-7079909da22a,8,cora,True,0.5,sage,mbm,inf,16,raw,44.94830132939439,5.44368537666174
7534e2a8-4da8-11ec-b49e-7079909da22a,8,cora,True,2.0,sage,mbm,inf,2,raw,82.34859675036927,0.6129985228951114
75c9dba8-4dd3-11ec-89be-7079909da22a,8,cora,True,1.0,sage,mbm,2.0,4,raw,67.04579025110783,1.8175775480059073
779bd4a6-4dcc-11ec-8d7a-7079909da22a,8,cora,True,3.0,sage,mbm,3.0,4,raw,82.73264401772526,0.4211595273264521
7aaad402-4dcd-11ec-9f85-7079909da22a,8,cora,True,3.0,sage,mbm,inf,4,raw,83.36779911373708,0.46547267355983024
7d81a254-4dc4-11ec-a71e-7079909da22a,8,cora,True,1.0,sage,mbm,inf,16,raw,65.36189069423929,3.6718980797636647
7e031bdc-4daf-11ec-803f-7079909da22a,8,cora,True,inf,sage,mbm,1.0,16,raw,77.13441654357459,0.8493353028064945
816a163a-4db0-11ec-a2ba-7079909da22a,8,cora,True,2.0,sage,mbm,0.01,8,raw,67.65140324963073,2.186115214180205
81cca922-4de6-11ec-b918-7079909da22a,8,cora,True,0.5,sage,mbm,2.0,4,raw,44.135893648449034,3.234859675036926
83557604-4db7-11ec-b833-7079909da22a,8,cora,True,inf,sage,mbm,0.1,2,raw,79.88183161004432,1.1301698670605518
84c62ca4-4db7-11ec-b07a-7079909da22a,8,cora,True,1.0,sage,mbm,0.01,2,raw,51.78729689807976,2.6741137370753343
856167fa-4db7-11ec-a614-7079909da22a,8,cora,True,inf,sage,mbm,1.0,8,raw,81.66912850812407,0.24372230428360098
882f3058-4db1-11ec-a55d-7079909da22a,8,cora,True,0.5,sage,mbm,1.0,2,raw,41.22599704579026,4.853766617429834
899c7c56-4dbc-11ec-986d-7079909da22a,8,cora,True,3.0,sage,mbm,0.1,0,raw,73.91432791728212,2.009416543574595
8a4e8b46-4dc4-11ec-bf7f-7079909da22a,8,cora,True,0.5,sage,mbm,0.1,0,raw,30.073855243722306,4.233567208271783
8c101b00-4de4-11ec-9294-7079909da22a,8,cora,True,2.0,sage,mbm,3.0,0,raw,74.40177252584934,0.7978212703102017
8d2c509a-4de8-11ec-aa3c-7079909da22a,8,cora,True,3.0,gat,mbm,0.1,4,raw,71.49187592319053,2.2084564254061974
8eee674e-4daa-11ec-8826-7079909da22a,8,cora,True,2.0,sage,mbm,1.0,8,raw,79.57163958641064,0.6574963072378068
8fadfa16-4dbc-11ec-9874-7079909da22a,8,cora,True,3.0,sage,mbm,2.0,8,raw,81.8463810930576,0.46547267355981603
8feb451c-4db0-11ec-8a4c-7079909da22a,8,cora,True,1.0,sage,mbm,1.0,4,raw,67.87296898079764,1.9206056129985214
905a1044-4da3-11ec-8dfa-7079909da22a,8,cora,True,inf,sage,mbm,0.1,4,raw,79.98522895125555,0.41377400295421296
90ef0be6-4db1-11ec-841a-7079909da22a,8,cora,True,0.5,sage,mbm,0.1,16,raw,45.03692762186115,6.219719350073849
91437654-4dac-11ec-ba1b-7079909da22a,8,cora,True,3.0,sage,mbm,2.0,0,raw,80.02954209748893,1.0265878877400212
922d4022-4de8-11ec-8390-7079909da22a,8,cora,True,inf,gat,mbm,0.01,0,raw,60.4135893648449,2.9488552437223063
923d19ce-4da3-11ec-a6a8-7079909da22a,8,cora,True,2.0,sage,mbm,3.0,8,raw,79.23190546528804,0.7163958641063459
92cae47c-4dbf-11ec-974f-7079909da22a,8,cora,True,inf,sage,mbm,2.0,2,raw,83.69276218611522,0.35468980797637073
93108830-4db8-11ec-bd92-7079909da22a,8,cora,True,3.0,sage,mbm,0.01,2,raw,66.97193500738553,2.327732644017729
9310c7c2-4db4-11ec-a421-7079909da22a,8,cora,True,1.0,sage,mbm,2.0,0,raw,55.420974889217135,3.5083087149187655
9326135e-4da3-11ec-b129-7079909da22a,8,cora,True,3.0,sage,mbm,3.0,2,raw,82.06794682422452,0.5688700147710506
9827d274-4db8-11ec-8e91-7079909da22a,8,cora,True,inf,sage,mbm,3.0,8,raw,82.12703101920236,0.3916174298375239
9a6570ce-4dd5-11ec-8ce1-7079909da22a,8,cora,True,inf,sage,mbm,3.0,4,raw,83.3234859675037,0.1995937961595331
9ab65776-4de1-11ec-a3b6-7079909da22a,8,cora,True,3.0,sage,mbm,0.01,0,raw,54.26883308714919,5.1868537666174355
9c161088-4dba-11ec-bc67-7079909da22a,8,cora,True,inf,sage,mbm,3.0,2,raw,83.84047267355982,0.38423190546529185
a0af9130-4dc1-11ec-99f1-7079909da22a,8,cora,True,3.0,sage,mbm,inf,0,raw,84.00295420974888,0.5024002954209763
a0beb2aa-4dcb-11ec-9133-7079909da22a,8,cora,True,2.0,sage,mbm,inf,16,raw,73.41211225997047,2.156573116691277
a22af072-4df3-11ec-be3d-7079909da22a,8,cora,True,1.0,gcn,mbm,0.01,8,raw,63.01329394387002,3.4200516986705907
a2b5ad8c-4db4-11ec-a6a6-7079909da22a,8,cora,True,2.0,sage,mbm,0.01,4,raw,67.90251107828655,1.4704579025110789
a3e3c6d8-4dc5-11ec-9ba9-7079909da22a,8,cora,True,3.0,sage,mbm,0.1,8,raw,79.21713441654357,0.7980059084194977
a4020c9e-4de6-11ec-93ef-7079909da22a,8,cora,True,0.5,sage,mbm,3.0,2,raw,40.96011816838997,3.6857459379615953
a8ce1ff6-4dc8-11ec-beb4-7079909da22a,8,cora,True,2.0,sage,mbm,0.1,4,raw,78.02067946824224,1.093426883308716
a994aaba-4dcb-11ec-9a27-7079909da22a,8,cora,True,2.0,sage,mbm,3.0,16,raw,73.8109305760709,0.9161742983751751
abe2c6b4-4dc9-11ec-872e-7079909da22a,8,cora,True,2.0,sage,mbm,1.0,4,raw,79.37961595273264,0.6720827178729678
ac7c8dc2-4daa-11ec-b212-7079909da22a,8,cora,True,0.5,sage,mbm,2.0,2,raw,41.477104874446084,4.4837518463810895
af54056c-4dae-11ec-a725-7079909da22a,8,cora,True,1.0,sage,mbm,inf,0,raw,71.59527326440177,2.674483013293944
b00471d2-4dd5-11ec-a1c2-7079909da22a,8,cora,True,inf,sage,mbm,1.0,4,raw,82.90989660265879,0.31776218611521756
b1e278e2-4db6-11ec-ae59-7079909da22a,8,cora,True,3.0,sage,mbm,3.0,8,raw,81.90546528803546,0.5243722304283693
b2b6229c-4dc4-11ec-8fcc-7079909da22a,8,cora,True,1.0,sage,mbm,inf,8,raw,72.34859675036928,1.6770679468242093
b6b04b6c-4dbe-11ec-a7a3-7079909da22a,8,cora,True,0.5,sage,mbm,inf,0,raw,43.16100443131462,6.426698670605614
b7881938-4df6-11ec-b2be-7079909da22a,8,cora,True,1.0,gat,mbm,0.01,8,raw,52.96898079763663,3.8430576070901026
b92c4960-4da3-11ec-8de4-7079909da22a,8,cora,True,1.0,sage,mbm,0.1,4,raw,67.71048744460856,1.7653249630723806
b9f333e2-4dc9-11ec-8772-7079909da22a,8,cora,True,3.0,sage,mbm,1.0,8,raw,81.92023633677991,0.48024372230428725
beda8c38-4dbb-11ec-a945-7079909da22a,8,cora,True,1.0,sage,mbm,3.0,16,raw,66.29246676514032,2.3338257016248143
c0a641c4-4dc0-11ec-8654-7079909da22a,8,cora,True,2.0,sage,mbm,3.0,4,raw,79.12850812407682,0.605982274741514
c1000af6-4de3-11ec-a268-7079909da22a,8,cora,True,0.5,sage,mbm,1.0,4,raw,42.83604135893649,4.225073855243721
c29860ac-4de3-11ec-b4ec-7079909da22a,8,cora,True,1.0,sage,mbm,0.1,2,raw,62.20088626292467,1.979505169867064
c2cc4f86-4daf-11ec-8efa-7079909da22a,8,cora,True,3.0,sage,mbm,2.0,2,raw,82.3338257016248,0.49501477104875136
c39e646e-4dc6-11ec-9ceb-7079909da22a,8,cora,True,3.0,sage,mbm,3.0,16,raw,77.37075332348596,0.6499261447562787
c4bb2e2a-4db9-11ec-8e23-7079909da22a,8,cora,True,inf,sage,mbm,0.01,4,raw,66.88330871491875,2.282311669128511
c5031804-4da8-11ec-ad25-7079909da22a,8,cora,True,0.5,sage,mbm,2.0,16,raw,45.288035450516986,6.264217134416544
c6f31778-4de3-11ec-9f68-7079909da22a,8,cora,True,1.0,sage,mbm,0.1,16,raw,64.28360413589364,2.5046159527326424
c9849582-4ddb-11ec-84c6-7079909da22a,8,cora,True,2.0,sage,mbm,0.01,16,raw,60.07385524372231,3.3242245199409126
ca42733a-4db9-11ec-8b94-7079909da22a,8,cora,True,3.0,sage,mbm,0.1,16,raw,72.7917282127031,1.4331610044313052
ce3c756c-4dd2-11ec-80ee-7079909da22a,8,cora,True,2.0,sage,mbm,1.0,0,raw,73.45642540620383,1.2114106351550973
cfa2f1cc-4dac-11ec-9dd9-7079909da22a,8,cora,True,2.0,sage,mbm,1.0,16,raw,73.63367799113738,1.3884785819793137
d0c5d080-4db4-11ec-ace2-7079909da22a,8,cora,True,1.0,sage,mbm,inf,2,raw,72.9394387001477,1.7357828655834524
d13c30b8-4da5-11ec-a1ae-7079909da22a,8,cora,True,2.0,sage,mbm,2.0,8,raw,79.33530280649927,0.7830502215657233
d25ba862-4dd6-11ec-8898-7079909da22a,8,cora,True,0.5,sage,mbm,2.0,0,raw,31.00443131462334,5.85690546528803
d7180d9a-4dc3-11ec-9a60-7079909da22a,8,cora,True,1.0,sage,mbm,3.0,0,raw,57.799113737075345,2.7551698670605695
d7ec52ea-4dc7-11ec-a252-7079909da22a,8,cora,True,0.5,sage,mbm,1.0,8,raw,45.420974889217135,5.0153249630723735
d809ecae-4ddd-11ec-ad9f-7079909da22a,8,cora,True,3.0,sage,mbm,1.0,2,raw,82.23042836041358,0.6501107828655819
d92878ce-4db2-11ec-90d2-7079909da22a,8,cora,True,3.0,sage,mbm,3.0,0,raw,80.22156573116692,0.7756646971935055
db11e43c-4db6-11ec-aef6-7079909da22a,8,cora,True,2.0,sage,mbm,1.0,2,raw,77.75480059084194,0.5542836041359038
dd3bed0a-4dcc-11ec-9127-7079909da22a,8,cora,True,1.0,sage,mbm,2.0,16,raw,66.38109305760707,2.4152511078286523
de605670-4ddc-11ec-aa6c-7079909da22a,8,cora,True,0.5,sage,mbm,0.01,8,raw,46.942392909896604,4.350627769571634
de6ea5a6-4da8-11ec-9df2-7079909da22a,8,cora,True,3.0,sage,mbm,0.01,4,raw,67.97636632200886,1.3220088626292323
e07d959e-4de1-11ec-8e60-7079909da22a,8,cora,True,inf,sage,mbm,0.01,8,raw,67.71048744460856,1.3666912850812594
e58dba14-4dbe-11ec-9526-7079909da22a,8,cora,True,0.5,sage,mbm,3.0,8,raw,43.39734121122599,5.679652880354503
e7004920-4db9-11ec-95d7-7079909da22a,8,cora,True,3.0,sage,mbm,0.1,2,raw,79.97045790251109,0.73116691285081
e7812672-4dc2-11ec-baee-7079909da22a,8,cora,True,0.5,sage,mbm,inf,2,raw,45.98227474150665,4.196085672082717
ea0480ec-4de0-11ec-aa83-7079909da22a,8,cora,True,2.0,sage,mbm,0.01,0,raw,43.412112259970456,5.104135893648447
ec97f51c-4de7-11ec-b1ac-7079909da22a,8,cora,True,inf,sage,mbm,3.0,0,raw,84.51994091580502,0.3473042836041458
ed553902-4dcd-11ec-b7b9-7079909da22a,8,cora,True,inf,sage,mbm,inf,0,raw,85.7016248153619,0.23652141802067206
edbc9914-4db7-11ec-8755-7079909da22a,8,cora,True,2.0,sage,mbm,inf,4,raw,81.40324963072378,0.47304283604137254
edbfee62-4da2-11ec-b119-7079909da22a,8,cora,True,0.5,sage,mbm,2.0,8,raw,43.87001477104874,6.2557237813884825
ef11e392-4dca-11ec-9df2-7079909da22a,8,cora,True,0.5,sage,mbm,1.0,0,raw,29.763663220088624,4.137740029542101
f2eca5ca-4dd8-11ec-b88d-7079909da22a,8,cora,True,1.0,sage,mbm,0.01,16,raw,56.54357459379615,2.9767355982274744
f3c8a274-4dcd-11ec-a755-7079909da22a,8,cora,True,inf,sage,mbm,0.01,16,raw,66.35155096011816,1.0044313146233392
f4f8eed8-4dd2-11ec-8b41-7079909da22a,8,cora,True,3.0,sage,mbm,1.0,16,raw,77.72525849335302,0.5539143279172762
f544a1e0-4dc6-11ec-a0d9-7079909da22a,8,cora,True,2.0,sage,mbm,2.0,0,raw,73.79615952732644,1.2040251107828652
f6946ec2-4ddf-11ec-96b1-7079909da22a,8,cora,True,1.0,sage,mbm,2.0,8,raw,69.76366322008862,1.351920236336774
f7f47860-4df9-11ec-969e-7079909da22a,8,cora,True,2.0,gcn,mbm,3.0,4,raw,79.49778434268833,1.0561299852289423
fbd82e6c-4dd7-11ec-b6b0-7079909da22a,8,cora,True,0.5,sage,mbm,0.1,4,raw,41.32939438700148,5.539881831610046
fc4f51e2-4df8-11ec-b149-7079909da22a,8,cora,True,2.0,gcn,mbm,1.0,4,raw,79.70457902511079,0.8271787296898125
fdd41cae-4dc7-11ec-8a3e-7079909da22a,8,cora,True,1.0,sage,mbm,3.0,8,raw,69.71935007385525,1.7211964549482914
fe0c653e-4df2-11ec-a102-7079909da22a,8,cora,True,0.5,gat,mbm,2.0,8,raw,41.18168389955686,5.222304283604139
fe82ab00-4dd8-11ec-bdb2-7079909da22a,8,cora,True,3.0,sage,mbm,0.01,16,raw,65.36189069423929,1.7505539143279236
316b0452-4df9-11ec-99d1-7079909da22a,16,cora,False,3.0,sage,mbm,1.0,0,raw,72.7917282127031,1.1750369276218535
04dd7aac-4dca-11ec-9451-7079909da22a,16,cora,True,3.0,sage,mbm,3.0,4,raw,82.49630723781388,0.3991875923190591
05cc87a8-4dcc-11ec-9143-7079909da22a,16,cora,True,inf,sage,mbm,2.0,2,raw,83.30871491875924,0.3768463810930598
06daefd8-4df2-11ec-8dc7-7079909da22a,16,cora,True,2.0,gat,mbm,0.1,4,raw,68.05022156573116,2.60727474150665
0ae16a00-4dc8-11ec-83ae-7079909da22a,16,cora,True,2.0,sage,mbm,3.0,4,raw,79.83751846381094,0.8938330871491829
0f0236e0-4dd3-11ec-ae1f-7079909da22a,16,cora,True,inf,sage,mbm,3.0,4,raw,82.54062038404727,0.26587887740029004
1065474c-4dca-11ec-bdb1-7079909da22a,16,cora,True,inf,sage,mbm,2.0,8,raw,81.44756277695717,0.3249630723781394
1186fa16-4dd0-11ec-8a58-7079909da22a,16,cora,True,inf,sage,mbm,inf,0,raw,83.69276218611522,0.2067946824224549
1194d17c-4db7-11ec-9273-7079909da22a,16,cora,True,1.0,sage,mbm,inf,0,raw,69.86706056129985,2.6519571639586488
12a3f26c-4daf-11ec-b1bf-7079909da22a,16,cora,True,3.0,sage,mbm,2.0,16,raw,76.48449039881832,0.9233751846381111
12e308f2-4dab-11ec-9550-7079909da22a,16,cora,True,inf,sage,mbm,2.0,0,raw,83.78138847858197,0.48744460856720906
13735616-4dd1-11ec-912d-7079909da22a,16,cora,True,inf,sage,mbm,0.01,2,raw,68.19793205317578,1.536742983751843
1583f502-4dde-11ec-ae34-7079909da22a,16,cora,True,0.5,sage,mbm,3.0,16,raw,44.10635155096012,6.286558345642543
188f5f5e-4de6-11ec-a9cc-7079909da22a,16,cora,True,2.0,sage,mbm,0.01,4,raw,66.0413589364845,2.9555022156573116
19146024-4db3-11ec-8276-7079909da22a,16,cora,True,0.5,sage,mbm,inf,16,raw,42.4519940915805,7.630354505169869
19f2dbd4-4db7-11ec-8046-7079909da22a,16,cora,True,3.0,sage,mbm,1.0,8,raw,81.19645494830132,0.3545051698670605
1a4a5c9a-4df5-11ec-aa0c-7079909da22a,16,cora,True,2.0,gcn,mbm,0.1,4,raw,79.0546528803545,1.2703101920236364
1b158ed0-4db7-11ec-a515-7079909da22a,16,cora,True,2.0,sage,mbm,inf,4,raw,80.8714918759232,0.5539143279172833
1c744908-4db0-11ec-9be4-7079909da22a,16,cora,True,0.5,sage,mbm,inf,4,raw,48.64106351550959,3.936484490398822
1ddf569a-4da4-11ec-bc2b-7079909da22a,16,cora,True,0.5,sage,mbm,2.0,8,raw,46.69128508124077,5.341211225997046
1eb52c7c-4dc5-11ec-a269-7079909da22a,16,cora,True,0.5,sage,mbm,2.0,16,raw,43.27917282127031,7.564438700147711
203db01e-4db1-11ec-b001-7079909da22a,16,cora,True,1.0,sage,mbm,1.0,2,raw,66.602658788774,1.588441654357453
20919076-4dca-11ec-878b-7079909da22a,16,cora,True,3.0,sage,mbm,2.0,8,raw,81.52141802067948,0.3545051698670534
209d9fa8-4dbe-11ec-82d8-7079909da22a,16,cora,True,0.5,sage,mbm,inf,2,raw,45.98227474150665,4.512740029542101
238df260-4df7-11ec-bc04-7079909da22a,16,cora,True,3.0,gcn,mbm,3.0,2,raw,82.79172821270308,0.49501477104874425
25aa289e-4dd8-11ec-8997-7079909da22a,16,cora,True,2.0,sage,mbm,2.0,2,raw,79.24667651403249,0.9970457902511072
25b32160-4dd8-11ec-a40c-7079909da22a,16,cora,True,1.0,sage,mbm,0.01,4,raw,55.98227474150665,3.5310192023633675
2aa1c79a-4de1-11ec-974c-7079909da22a,16,cora,True,2.0,sage,mbm,inf,16,raw,70.14771048744461,1.9135893648448956
2c426612-4dbf-11ec-8c96-7079909da22a,16,cora,True,1.0,sage,mbm,2.0,8,raw,70.00000000000001,2.0908419497784436
2d6d30f0-4ddb-11ec-a479-7079909da22a,16,cora,True,0.5,sage,mbm,1.0,4,raw,46.83899556868538,4.262740029542101
2ea7e542-4dcb-11ec-a1e6-7079909da22a,16,cora,True,3.0,sage,mbm,0.1,8,raw,79.0546528803545,0.3028064992614432
2ef528c0-4db2-11ec-b2b3-7079909da22a,16,cora,True,3.0,sage,mbm,2.0,2,raw,82.74741506646971,0.5097858197932013
2f3d367a-4dfc-11ec-b509-7079909da22a,16,cora,True,inf,gcn,mbm,3.0,0,raw,84.53471196454947,0.31776218611521756
30fdf332-4df7-11ec-bfae-7079909da22a,16,cora,True,inf,gcn,mbm,2.0,0,raw,84.50516986706056,0.4211595273264379
316cdfd4-4da9-11ec-87b8-7079909da22a,16,cora,True,1.0,sage,mbm,inf,4,raw,72.52584933530281,2.149187592319052
3245b518-4db6-11ec-bed3-7079909da22a,16,cora,True,3.0,sage,mbm,2.0,0,raw,81.59527326440177,0.6279542097488857
32b7ddde-4de1-11ec-be41-7079909da22a,16,cora,True,0.5,sage,mbm,0.1,0,raw,32.348596750369275,5.163220088626295
361ae8c0-4da7-11ec-b886-7079909da22a,16,cora,True,inf,sage,mbm,0.1,16,raw,72.42245199409157,1.447747415066452
363e5664-4dc7-11ec-89a0-7079909da22a,16,cora,True,0.5,sage,mbm,0.1,2,raw,38.40472673559823,5.598412112259965
3725a4fa-4db9-11ec-8a99-7079909da22a,16,cora,True,inf,sage,mbm,2.0,16,raw,76.36632200886262,0.4211595273264379
3bd76ee0-4dbc-11ec-974c-7079909da22a,16,cora,True,inf,sage,mbm,0.1,8,raw,78.10930576070902,1.2409527326440113
40a82250-4dc8-11ec-9ad2-7079909da22a,16,cora,True,2.0,sage,mbm,1.0,16,raw,73.50073855243723,0.9383308714918854
4404aa78-4de0-11ec-8ee0-7079909da22a,16,cora,True,inf,sage,mbm,0.01,8,raw,68.78877400295421,2.348781388478585
44cdaef6-4dd5-11ec-abe0-7079909da22a,16,cora,True,2.0,sage,mbm,0.1,2,raw,76.58788774002954,1.5291728212703148
44d2f7de-4dae-11ec-a92b-7079909da22a,16,cora,True,2.0,sage,mbm,0.1,4,raw,78.93648449039881,0.39900295420975596
47d83a58-4dd0-11ec-a4b5-7079909da22a,16,cora,True,3.0,sage,mbm,inf,2,raw,83.44165435745937,0.5539143279172833
48634e4e-4da9-11ec-8ed9-7079909da22a,16,cora,True,2.0,sage,mbm,2.0,4,raw,80.01477104874446,0.6129985228951256
48fd856c-4df5-11ec-adbe-7079909da22a,16,cora,True,inf,gcn,mbm,0.1,0,raw,77.88774002954209,1.1004431314623275
492a44fe-4dae-11ec-b1c4-7079909da22a,16,cora,True,3.0,sage,mbm,0.1,4,raw,80.11816838995568,0.258493353028058
4b89f812-4dc6-11ec-9fa1-7079909da22a,16,cora,True,3.0,sage,mbm,inf,0,raw,83.16100443131462,0.4433161004431341
4bec087c-4dd5-11ec-a6ab-7079909da22a,16,cora,True,inf,sage,mbm,1.0,4,raw,82.58493353028067,0.3545051698670676
4e36c10a-4dbf-11ec-b8fe-7079909da22a,16,cora,True,1.0,sage,mbm,0.1,4,raw,68.95125553914328,1.6399556868537672
513eb920-4de2-11ec-83c4-7079909da22a,16,cora,True,inf,sage,mbm,3.0,2,raw,83.82570162481537,0.3397341211226035
52119ed8-4dad-11ec-9b45-7079909da22a,16,cora,True,2.0,sage,mbm,2.0,0,raw,75.76070901033974,1.071270310192027
528c80c2-4dc0-11ec-967a-7079909da22a,16,cora,True,0.5,sage,mbm,2.0,2,raw,44.04726735598227,2.9470088626292466
5be1b1b2-4dfa-11ec-830e-7079909da22a,16,cora,True,1.0,gcn,mbm,3.0,8,raw,69.57163958641063,2.4082348596750336
5cd22ce4-4de3-11ec-a8fe-7079909da22a,16,cora,True,3.0,sage,mbm,1.0,16,raw,76.54357459379617,1.1299852289512486
5cf56982-4da4-11ec-ad32-7079909da22a,16,cora,True,inf,sage,mbm,inf,2,raw,71.81683899556869,0.2512924667651433
5d01f61a-4dd2-11ec-b5f0-7079909da22a,16,cora,True,inf,sage,mbm,inf,8,raw,66.49926144756277,2.592319054652876
5d166e00-4dbf-11ec-935a-7079909da22a,16,cora,True,2.0,sage,mbm,2.0,8,raw,79.48301329394387,0.7018094534711921
5dee84d6-4da9-11ec-95f9-7079909da22a,16,cora,True,1.0,sage,mbm,0.1,16,raw,64.6085672082718,2.8735228951255536
5e896048-4df7-11ec-83c0-7079909da22a,16,cora,True,inf,gat,mbm,2.0,0,raw,83.9586410635155,0.48744460856720906
5eca2ca6-4ddc-11ec-bf9b-7079909da22a,16,cora,True,2.0,sage,mbm,1.0,4,raw,79.79320531757755,0.4876292466765122
5f113d4c-4dc0-11ec-9051-7079909da22a,16,cora,True,1.0,sage,mbm,1.0,8,raw,70.41358936484491,1.5806868537666077
5f23c42c-4dab-11ec-a751-7079909da22a,16,cora,True,1.0,sage,mbm,1.0,0,raw,62.23042836041359,3.9158050221565652
606ca766-4dc1-11ec-9b2a-7079909da22a,16,cora,True,3.0,sage,mbm,inf,16,raw,72.31905465288035,2.0391432791728192
60f5dfd8-4dd3-11ec-8f95-7079909da22a,16,cora,True,2.0,sage,mbm,1.0,8,raw,79.36484490398819,0.6574963072378139
621dde52-4df5-11ec-b4ae-7079909da22a,16,cora,True,1.0,gat,mbm,3.0,8,raw,69.21713441654357,1.7579394387001415
622aecb0-4de0-11ec-b004-7079909da22a,16,cora,True,0.5,sage,mbm,1.0,2,raw,46.95716395864107,4.571824224519933
62c666a4-4ddb-11ec-9359-7079909da22a,16,cora,True,1.0,sage,mbm,inf,16,raw,63.116691285081245,2.5705317577548037
63a47b72-4da6-11ec-a5e2-7079909da22a,16,cora,True,1.0,sage,mbm,2.0,4,raw,68.93648449039881,1.846565731166912
659f1bea-4dc8-11ec-b26f-7079909da22a,16,cora,True,3.0,sage,mbm,3.0,2,raw,82.3042836041359,0.42836041358937393
6beb948e-4db3-11ec-8e3a-7079909da22a,16,cora,True,0.5,sage,mbm,inf,0,raw,43.48596750369276,5.562223042836038
6d1dd04c-4dcc-11ec-a03e-7079909da22a,16,cora,True,1.0,sage,mbm,inf,8,raw,71.12259970457902,1.7954209748892183
6efb4e12-4dbd-11ec-9595-7079909da22a,16,cora,True,inf,sage,mbm,1.0,8,raw,81.27031019202363,0.3251477104874496
71b4efca-4db6-11ec-b268-7079909da22a,16,cora,True,1.0,sage,mbm,3.0,0,raw,65.40620384047267,2.0686853766617332
71c097d2-4ddc-11ec-9040-7079909da22a,16,cora,True,3.0,sage,mbm,0.1,16,raw,72.77695716395863,1.0564992614475628
72ade378-4da7-11ec-bacf-7079909da22a,16,cora,True,1.0,sage,mbm,0.01,16,raw,57.045790251107825,2.2673559822747364
73b75858-4dd4-11ec-8780-7079909da22a,16,cora,True,2.0,sage,mbm,3.0,16,raw,73.66322008862629,1.0193870014771065
74dba5ec-4de1-11ec-b518-7079909da22a,16,cora,True,inf,sage,mbm,3.0,0,raw,83.91432791728212,0.5319423929098903
769badc0-4dad-11ec-b62f-7079909da22a,16,cora,True,2.0,sage,mbm,inf,8,raw,80.42836041358936,0.6057976366322109
77027c1a-4dbe-11ec-82db-7079909da22a,16,cora,True,2.0,sage,mbm,3.0,0,raw,76.15952732644018,0.7385524372230421
7785c0c6-4db3-11ec-b621-7079909da22a,16,cora,True,inf,sage,mbm,2.0,4,raw,82.25997045790251,0.4433161004431412
78de32f0-4dd6-11ec-a06f-7079909da22a,16,cora,True,2.0,sage,mbm,0.1,16,raw,70.45790251107829,1.5587149187592289
7e1969e6-4dbe-11ec-a8e9-7079909da22a,16,cora,True,3.0,sage,mbm,inf,4,raw,82.73264401772526,0.5540989660265865
7ecfb462-4daa-11ec-a7be-7079909da22a,16,cora,True,2.0,sage,mbm,0.01,16,raw,61.74298375184638,2.1499261447562823
80f60ebc-4de6-11ec-9d0f-7079909da22a,16,cora,True,0.5,sage,mbm,1.0,0,raw,38.995568685376654,3.487075332348592
82f40252-4dc6-11ec-8d33-7079909da22a,16,cora,True,2.0,sage,mbm,0.01,0,raw,39.61595273264402,4.513478581979321
8508010a-4da4-11ec-aba9-7079909da22a,16,cora,True,0.5,sage,mbm,3.0,2,raw,45.494830132939434,3.464180206794687
8633cbda-4dbe-11ec-a1f4-7079909da22a,16,cora,True,1.0,sage,mbm,2.0,2,raw,67.38552437223044,1.7138109305760736
86416694-4dac-11ec-83ca-7079909da22a,16,cora,True,3.0,sage,mbm,0.01,4,raw,63.973412112259965,3.375923190546537
874eaee0-4df5-11ec-8a84-7079909da22a,16,cora,True,inf,gat,mbm,1.0,0,raw,84.15066469719349,0.4948301329394411
894d9250-4de2-11ec-9091-7079909da22a,16,cora,True,1.0,sage,mbm,1.0,4,raw,68.96602658788774,1.5369276218611532
8cd95472-4dfb-11ec-94f4-7079909da22a,16,cora,True,3.0,gat,mbm,2.0,2,raw,82.54062038404726,0.5024002954209692
8fd9ddd8-4df9-11ec-8faf-7079909da22a,16,cora,True,inf,gat,mbm,3.0,0,raw,83.94387001477105,0.42097488921712056
942759de-4de4-11ec-a84f-7079909da22a,16,cora,True,2.0,sage,mbm,0.1,8,raw,77.69571639586411,0.6427252584933569
957381b6-4dd8-11ec-b683-7079909da22a,16,cora,True,0.5,sage,mbm,1.0,16,raw,45.598227474150676,5.961041358936484
967872c2-4dcb-11ec-8c33-7079909da22a,16,cora,True,0.5,sage,mbm,3.0,0,raw,38.92171344165436,6.006277695716399
97476d72-4dd3-11ec-a987-7079909da22a,16,cora,True,1.0,sage,mbm,0.1,2,raw,68.19793205317578,2.053545051698677
9869783c-4dc7-11ec-8ce8-7079909da22a,16,cora,True,1.0,sage,mbm,0.01,2,raw,50.64992614475627,4.218242245199406
98a1da48-4ddf-11ec-b6db-7079909da22a,16,cora,True,inf,sage,mbm,0.01,4,raw,69.33530280649926,1.765694239290994
98c2fa7e-4da9-11ec-bc30-7079909da22a,16,cora,True,3.0,sage,mbm,2.0,4,raw,82.82127031019203,0.3473042836041458
99a9e834-4ddc-11ec-8290-7079909da22a,16,cora,True,0.5,sage,mbm,2.0,0,raw,40.56129985228951,7.423559822747418
9a231624-4dd1-11ec-9cf9-7079909da22a,16,cora,True,inf,sage,mbm,1.0,2,raw,83.22008862629247,0.2660635155096003
9fc8452e-4dcf-11ec-a83d-7079909da22a,16,cora,True,1.0,sage,mbm,2.0,0,raw,63.028064992614475,2.74815361890694
9fe21c56-4db1-11ec-97c4-7079909da22a,16,cora,True,2.0,sage,mbm,2.0,16,raw,73.44165435745938,0.8419497784342624
a19a287a-4dc2-11ec-a257-7079909da22a,16,cora,True,2.0,sage,mbm,inf,2,raw,81.63958641063515,0.4283604135893597
a32af408-4dae-11ec-8d8d-7079909da22a,16,cora,True,0.5,sage,mbm,3.0,4,raw,46.454948301329395,4.040251107828656
a5fc9ae2-4dbd-11ec-b8c7-7079909da22a,16,cora,True,inf,sage,mbm,0.01,16,raw,65.64254062038404,1.9719350073855182
a7397704-4dd1-11ec-903c-7079909da22a,16,cora,True,2.0,sage,mbm,3.0,2,raw,79.21713441654356,0.7830502215657376
a7e04c2c-4dc8-11ec-9898-7079909da22a,16,cora,True,inf,sage,mbm,0.1,4,raw,79.23190546528802,1.0192023633678033
a8bf4692-4ddd-11ec-8d3c-7079909da22a,16,cora,True,1.0,sage,mbm,0.1,0,raw,44.78581979320532,5.443316100443127
a8c50af4-4df2-11ec-a7f5-7079909da22a,16,cora,True,3.0,gcn,mbm,2.0,2,raw,83.02806499261449,0.5096011816838981
a90025ea-4dab-11ec-a4ad-7079909da22a,16,cora,True,2.0,sage,mbm,1.0,2,raw,79.11373707533234,0.5984121122599717
a922194e-4dfa-11ec-9b69-7079909da22a,16,cora,True,3.0,gat,mbm,1.0,4,raw,81.75775480059085,0.4135893648449027
aa4c78ca-4da8-11ec-82c9-7079909da22a,16,cora,True,inf,sage,mbm,inf,16,raw,59.468242245199406,0.3840472673559745
adbee0a8-4df6-11ec-b54c-7079909da22a,16,cora,True,inf,gat,mbm,0.1,0,raw,70.25110782865583,2.437776957163969
adf3e32e-4db1-11ec-a4f7-7079909da22a,16,cora,True,3.0,sage,mbm,3.0,8,raw,81.7429837518464,0.5022156573116732
ae62b774-4dcd-11ec-b608-7079909da22a,16,cora,True,2.0,sage,mbm,inf,0,raw,79.6602658788774,0.73116691285081
aed8ebac-4da9-11ec-8222-7079909da22a,16,cora,True,3.0,sage,mbm,0.1,2,raw,80.35450516986705,0.6353397341211178
b003a3d0-4df1-11ec-b777-7079909da22a,16,cora,True,3.0,gat,mbm,3.0,2,raw,82.5258493353028,0.5688700147710435
b29004ca-4dad-11ec-9729-7079909da22a,16,cora,True,2.0,sage,mbm,0.1,0,raw,66.1447562776957,3.4285450516986664
b2afa26e-4dba-11ec-bd62-7079909da22a,16,cora,True,inf,sage,mbm,1.0,0,raw,83.48596750369276,0.6794682422451999
b2fc7b62-4dd2-11ec-b190-7079909da22a,16,cora,True,inf,sage,mbm,0.1,0,raw,64.88921713441654,2.3857090103397347
b4c5a09a-4dbe-11ec-b0b0-7079909da22a,16,cora,True,3.0,sage,mbm,1.0,4,raw,82.55539143279172,0.36189069423929965
b5794188-4df8-11ec-b956-7079909da22a,16,cora,True,inf,gcn,mbm,1.0,0,raw,84.44608567208272,0.29542097488922536
b5a2f9bc-4db0-11ec-90a1-7079909da22a,16,cora,True,3.0,sage,mbm,0.01,16,raw,63.3234859675037,2.3417651403249558
b607f2ac-4dd0-11ec-95b8-7079909da22a,16,cora,True,1.0,sage,mbm,3.0,4,raw,69.18759231905466,1.7740029542097489
b69bbcba-4de1-11ec-a84d-7079909da22a,16,cora,True,0.5,sage,mbm,0.01,4,raw,40.76809453471196,5.539512555391429
bc9e40e0-4de3-11ec-889d-7079909da22a,16,cora,True,inf,sage,mbm,0.1,2,raw,80.66469719350074,0.4359305760708949
c482a2ac-4dbf-11ec-b5fd-7079909da22a,16,cora,True,3.0,sage,mbm,inf,8,raw,82.14180206794681,0.4135893648448956
c6c94dda-4dd9-11ec-87ef-7079909da22a,16,cora,True,1.0,sage,mbm,0.01,8,raw,61.1669128508124,2.5779172821270357
c855a0e8-4da4-11ec-be07-7079909da22a,16,cora,True,3.0,sage,mbm,0.1,0,raw,72.65878877400294,3.9735967503692677
c8ddc336-4da6-11ec-8861-7079909da22a,16,cora,True,inf,sage,mbm,3.0,8,raw,81.61004431314623,0.3545051698670534
ca1cf7c4-4de4-11ec-8b9e-7079909da22a,16,cora,True,0.5,sage,mbm,1.0,8,raw,44.44608567208272,5.554468242245207
cb3673c8-4ddb-11ec-83e8-7079909da22a,16,cora,True,inf,sage,mbm,0.01,0,raw,66.15952732644017,2.954763663220085
d2a4cb14-4de5-11ec-8116-7079909da22a,16,cora,True,0.5,sage,mbm,0.01,8,raw,42.85081240768094,6.219534711964545
d2aee10a-4dca-11ec-83b4-7079909da22a,16,cora,True,3.0,sage,mbm,0.01,2,raw,63.722304283604124,3.9815361890694163
d3ec109a-4dcc-11ec-8788-7079909da22a,16,cora,True,0.5,sage,mbm,2.0,4,raw,46.100443131462335,4.697932053175773
d4e91ada-4dbb-11ec-9386-7079909da22a,16,cora,True,1.0,sage,mbm,3.0,8,raw,70.32496307237814,1.913035450516979
d8446072-4dd4-11ec-89d5-7079909da22a,16,cora,True,inf,sage,mbm,3.0,16,raw,76.602658788774,0.37666174298375665
d987ed58-4dbd-11ec-b372-7079909da22a,16,cora,True,inf,sage,mbm,inf,4,raw,71.52141802067948,0.4135893648449098
d9a0e4a0-4dd3-11ec-985f-7079909da22a,16,cora,True,2.0,sage,mbm,1.0,0,raw,76.38109305760709,0.8050221565731093
dd8e5b7e-4db0-11ec-a6dd-7079909da22a,16,cora,True,1.0,sage,mbm,1.0,16,raw,66.2629246676514,2.060745937961599
de514cb8-4dad-11ec-9709-7079909da22a,16,cora,True,2.0,sage,mbm,0.01,2,raw,61.77252584933531,3.472304283604135
dfb5dcb4-4da7-11ec-9b4b-7079909da22a,16,cora,True,0.5,sage,mbm,3.0,8,raw,46.45494830132939,5.592319054652883
e0fee646-4ddf-11ec-871c-7079909da22a,16,cora,True,0.5,sage,mbm,0.01,0,raw,22.998522895125554,4.801329394387
e3392a74-4db3-11ec-8861-7079909da22a,16,cora,True,0.5,sage,mbm,0.01,16,raw,39.63072378138848,5.753877400295419
e388acb0-4dcd-11ec-b2db-7079909da22a,16,cora,True,3.0,sage,mbm,1.0,0,raw,81.12259970457902,0.8792466765140219
e530e1de-4dbb-11ec-ae09-7079909da22a,16,cora,True,1.0,sage,mbm,3.0,2,raw,68.12407680945348,2.075701624815359
e575ccbc-4dbc-11ec-8bbc-7079909da22a,16,cora,True,0.5,sage,mbm,inf,8,raw,47.03101920236337,3.434638109305766
e5ca9052-4dd6-11ec-9f90-7079909da22a,16,cora,True,2.0,sage,mbm,0.01,8,raw,66.4549483013294,2.5336041358936434
e72296fc-4dcc-11ec-8e83-7079909da22a,16,cora,True,3.0,sage,mbm,0.01,0,raw,47.34121122599704,5.082163958641068
f0d3e626-4db1-11ec-9629-7079909da22a,16,cora,True,3.0,sage,mbm,3.0,0,raw,80.84194977843427,1.0193870014771136
f2647620-4db3-11ec-8d25-7079909da22a,16,cora,True,3.0,sage,mbm,0.01,8,raw,66.85376661742984,1.846565731166912
f440536e-4dbe-11ec-8a78-7079909da22a,16,cora,True,0.5,sage,mbm,0.1,8,raw,44.22451994091581,6.603766617429834
f4c03ce6-4dd2-11ec-b1cb-7079909da22a,16,cora,True,3.0,sage,mbm,3.0,16,raw,76.3367799113737,0.8642909896602617
f78f7384-4db8-11ec-a653-7079909da22a,16,cora,True,1.0,sage,mbm,0.01,0,raw,30.147710487444606,3.2725258493353007
f796cfa4-4da3-11ec-b47a-7079909da22a,16,cora,True,2.0,sage,mbm,3.0,8,raw,79.45347119645496,0.8271787296898125
f86ce460-4db0-11ec-bc27-7079909da22a,16,cora,True,1.0,sage,mbm,0.1,8,raw,70.25110782865585,2.3714918759231907
f987c1da-4dce-11ec-aff7-7079909da22a,16,cora,True,0.5,sage,mbm,0.01,2,raw,37.44460856720828,4.0256646971935055
f9c04178-4da5-11ec-b8cf-7079909da22a,16,cora,True,1.0,sage,mbm,2.0,16,raw,66.24815361890694,2.3271787296898054
fa4bb630-4dfb-11ec-8558-7079909da22a,16,cora,True,3.0,gcn,mbm,1.0,4,raw,82.34859675036928,0.37666174298375665
fb386352-4dda-11ec-975e-7079909da22a,16,cora,True,0.5,sage,mbm,0.1,4,raw,44.44608567208271,6.922267355982278
fb7f5be0-4dad-11ec-a87a-7079909da22a,16,cora,True,inf,sage,mbm,1.0,16,raw,76.32200886262925,1.0193870014771136
fc18c1c8-4db1-11ec-83bf-7079909da22a,16,cora,True,1.0,sage,mbm,3.0,16,raw,66.24815361890694,2.260524372230414
fcafef30-4dd9-11ec-8d91-7079909da22a,16,cora,True,1.0,sage,mbm,inf,2,raw,71.86115214180208,1.447562776957156
fda834fc-4dd3-11ec-822c-7079909da22a,16,cora,True,0.5,sage,mbm,0.1,16,raw,42.55539143279172,6.604135893648447
feb2dca6-4de4-11ec-b840-7079909da22a,16,cora,True,3.0,sage,mbm,1.0,2,raw,82.4963072378139,0.5096011816839052
